customerId:ID(Customer),full_name,username,dob,email,password
1,Quinten Vermeulen,dvan-den-eerenbeemt,1953-01-15,nickuphaus@de.org,OTNQr(IAs^8W
2,Mees van Poppel,ashleyde-gruijter,1999-06-26,bastiaanharing@berends.com,3P2MoNew&zNF
3,Melissa Rotteveel,ploreal,1987-07-26,kick44@hotmail.com,D$k8KpGymwl7
4,Nisa van Oudewater,joshuavan-der-mast,1980-06-30,ibrahim19@hotmail.com,bRZ3Hf*b!S)I
5,Mare Corstiaens,opmansbenthe,1972-03-31,stefankoster@de.com,AW+CLBQa)P84
6,Myrthe Lensen,viallot,1994-07-05,jessele-briel@yahoo.com,b1_(6m5hwA5C
7,Lars Symons,siemvan-de-biezenbos,1954-08-15,speijerrick@hotmail.com,+3WISMRp$6hE
8,Tygo Heerkens,van-der-strigtroos,1975-01-05,jaysonverda@enexis.com,+c%PITTbA96!
9,Mila Demmendaal,doornhemsophie,1979-03-24,shupesimon@gmail.com,#tF6Lq)m(zH)
10,Lina de Grote,loekvan-laon,1996-03-22,masonlijn@hotmail.com,0iZv3*#W@$gH
11,Evelien Uphuis,lenn42,1984-09-06,rsteenbeek@kunen.biz,(bkBI+Bl7oAe
12,Jordy Peters,joel51,1978-09-26,dirk83@gmail.com,W61%fTNtCw@V
13,Jorn Pauwels-Van Bragt,ruben78,1997-09-23,luke58@yahoo.com,Mo*1IZx_7vUI
14,Lorenzo van der Wal-Vierdag,linn77,1989-03-02,kimwigman@gmail.com,#SP8#ovbiIof
15,Ivy Courtier-van Roijen,abeernink,1984-10-22,bekbergenazra@hotmail.com,P%Jv18JaX6Ek
16,Philip Nihoe-Steenbakkers,bormandirk,1988-11-03,jde-graaf@yahoo.com,!0ZCfysu5sWT
17,Dex Tins,meijerelizabeth,1969-06-21,tellis@perck.net,^zfPYxKoDi6H
18,Kyara Oemencs-Willemsen,lvan-dongen,2003-09-18,speijerlucy@gmail.com,+1YgB*Ci+7)1
19,Jim Geldens,nisa60,1952-03-06,xde-keijzer@gmail.com,Qc077_0sA+8H
20,Kyan Haengreve-Huurdeman,aiden65,1992-05-10,tijn56@hotmail.com,W)N1H2JYxkC8
21,Olivier van der Ven,van-leeuwensuze,1963-12-28,ssmit@ter.info,aek^ziHP#4SH
22,Bram Post,jelle90,1993-10-27,yasmin61@gmail.com,h@44Fqcd+zNH
23,Julie Meeusen,ewerl-arnsberg-van,1971-08-14,uvan-henegouwen@steenbakkers.com,!0y60+dw551U
24,Lois van Dijk-de Koning,minerjules,1963-10-27,govartsluna@hotmail.com,LgpRKWXVD#X5
25,Jason Hendriks,mikahemma-van-allemanie,1996-02-17,jennifer28@baker.org,#Z9MzTOnBL$E
26,Yinthe van de Greef,rter-waarbeek,2005-11-13,fvan-gent@gmail.com,998R0zgi@((A
27,Jurre Goyaerts van Waderle-Pons,norah07,1980-06-05,ninthe17@gmail.com,VDeYZx33%$83
28,Colin van Alenburg,schermsnoa,1968-08-01,lorenzojones@stichting.info,Y#^kiHhiqL9U
29,Sara Dekker,bmolen,1995-08-03,usalet@koninklijke.org,Dc9*zM)pK!#P
30,Bibi Wolters,dave52,1961-03-18,ustrik@van.com,)!3!PczJ)^Gg
31,Mustafa Janssen,van-der-hoevendemi,1976-06-08,tijnweyland@karels.org,__)gcJk6Z67G
32,Lukas van de Veen-Lijn,pspier,1970-12-02,aimeede-jong@perkins.org,@)pUAclw8@%7
33,Jinthe den Buytelaar,van-der-lindenbo,1993-03-02,dave41@ketting.com,n9&dgo%&KLUy
34,Pieter Backer,aliciawendt,1951-04-03,rileyhondeveld@hotmail.com,C%Q7yYOP%a1Y
35,Rik van de Pol-Adriaansen,barentsliam,1958-03-29,ywoutersz@lambers.net,6+Bn6Hbk4Q$H
36,Aimée Zuidweg-Marceron,demi49,1988-01-12,lzijlmans@vitol.com,68IYDozw+aof
37,Youssef Janssen,dirk03,1983-11-16,tygo19@gmail.com,^(2U57BldmB8
38,Bram Koning,uvan-luxemburg,1957-10-22,van-der-leekraf@gmail.com,*&OAiW3p_e4H
39,Sarah van Henegouwen,duukvan-leuven,1952-07-04,gijsbakker@muller.com,&5Vt^z2ul&ol
40,Romy de Roo,yboetet,1989-06-11,quinnminer@gmail.com,4X69ISe8%2OQ
41,Kayleigh van der Smeede,kwaltrade-walderade,2003-08-08,lsarneel@gmail.com,^j%9Rizy*a7H
42,Isabel Kuiper,lennunruoch-hunerik,2007-12-30,weylanttess@hotmail.com,)l2S0g%W@NCS
43,Mehmet Jansse,van-den-wittenboernina,1951-11-19,de-bontjohanna@hotmail.com,A_&kkxa0x9Dk
44,Nienke Spanhaak,jimaarts,1976-02-21,lansinkesther@yahoo.com,)OCUsBZxmbf3
45,Fay Hak,budsami,1955-01-03,akorstman@yahoo.com,*&5ac0mo9BwR
46,Jelte van Rijthoven,van-dommelensuze,1987-08-14,dkleibrink@verhoeven.com,&8AXHSOx!&mY
47,Muhammed Smit,van-northeimmirte,1964-06-22,loes67@engie.com,FG1MK7fT@8*b
48,Stijn de Kale,rvan-der-lede,1988-01-24,willemstamrood@gmail.com,sl&Q(isyxl0J
49,Hanna Dirksen,de-keijzercornelia,2007-02-25,nienke48@yahoo.com,j(+T9xSqjk!r
50,Amy Kuijpers-Schelvis,njdotte,1989-04-26,de-ruiterpleun@yahoo.com,N7FD3Boxcx4+
51,Lotte Friehus,tijsmeyer,1999-12-27,xvan-den-brand@gmail.com,eHj(2Cqj%#$E
52,Madelief Hoekstra,perronoriley,1984-10-06,elafleur@hotmail.com,57n&#$fj(4L3
53,Lenn Huijzing,esmeearent,2003-06-29,evi44@engie.biz,M^mH7IbgFZXA
54,Selina Scherms,ilse43,1993-12-26,robincoret-coredo@staples.com,az7IGXea_f2R
55,Stijn Langevoort,dylan72,1970-10-27,taravertooren@hotmail.com,h3kh79oM@VL^
56,Jente Claassen,ibrahimmarceron,1976-05-13,jvan-kuijc@yahoo.com,OY1Y!8Yci+2&
57,Arie van der Laan,kikide-boer,1976-06-23,lina83@adryaens.com,*P$5$JLeQKc)
58,Alyssa Oemencs,kayleehuijbrechts,2005-08-25,van-de-eerenbeemtjelte@zeemans.com,&V$(Y$rK)643
59,Niels van den Henst,feline92,1995-06-02,van-de-venjuliette@hotmail.com,@22DQze9#O4v
60,Stefan van Verdun,tessagalenzone,1956-06-13,remmersfeline@van.com,qpEcD(of!*Z0
61,Renske Wagenvoort,floriande-wit,1956-09-19,yscardino@hotmail.com,*)fyo*tNU6Uz
62,Tessa van Spreeuwel-Hehl,cvan-formbach,1959-04-14,ilse50@vignon.net,a+9cGDTn%Z+o
63,Zeynep Schilt,van-de-leemputkian,1966-10-14,fouwerkerk@yahoo.com,pL(Oc*IT*&9X
64,Yasmin Vos-Wouters van Eijndhoven,nedermeijermirte,1996-02-01,danique99@yahoo.com,(+4DWxoQd$05
65,Duuk Hermans-de Nijs,tygoloep,1991-12-17,van-baalenbjorn@hotmail.com,ry9Px!gSK_uD
66,Laura de Jager,rpost,1976-10-03,yfke47@gmail.com,rPTSBgS46e#w
67,Mirte Hekker,daphne79,1987-04-23,noelle60@hotmail.com,$@7kyc_ekM0E
68,Riley de Koning-Palman,jenna06,2000-09-18,jtillmanno@gmail.com,q!44YeFtg2G2
69,Rick van den Assem,de-graafberat,1963-02-12,cornelia42@gmail.com,Mv#4WkYo)kSA
70,Sem van de Elzas,stefvan-der-sande,1962-11-27,westerbeekkevin@gmail.com,_wXKTla(D55t
71,Joost Ridder,ayden85,1976-05-06,sbroeshart@hotmail.com,w$wR!%cjqJ5Q
72,Ali van Laar,benjamin11,2001-03-21,louiserackham@oda.biz,KmbRUXhVd&7*
73,Jade de Roos-Boogaerts,ikisman,1969-07-20,leahde-leeuw@royal.com,q_ArHS&3_53t
74,Elizabeth Heijmen,isabelleclaesdr,2007-03-13,smeetsisabelle@gmail.com,Uw1b5Gx2N%ad
75,Jason Poncelet,joyvan-egisheim,1961-11-13,hugo57@yahoo.com,5(Z&8nr2*jYs
76,Norah Michielsen,van-het-heerenveenluke,1989-10-14,rensde-mol@gmail.com,P&o!5xyci4E)
77,Vera Wipstrik-Brievingh,lindseyvan-soest,2000-03-16,rotteveelrik@broek.net,roZ*xY8g^6PG
78,Zoey Nedermeijer,wwijland,1967-07-07,gamalrada@gmail.com,Q82+WmcIC*HN
79,Arthur Hoogers-Knuf,fennevan-de-water,1951-12-02,brentkorstman@stichting.biz,rfUw4WMN)9aV
80,Ravi Wagenvoort,odoorhof,1968-05-23,ghuijzing@gmail.com,$+*NX#vP8NQW
81,Silke Broekhoven,zolthof,1979-01-08,lwestermann@hotmail.com,+N5D8qn1ek9(
82,Jennifer Wooning,kerkhofthijmen,1997-03-12,naomi86@hotmail.com,H9S^1TNzUjIv
83,Boris Miner,zvink,1980-10-13,sanderaelftrud-van-wessex@jerusalem.org,&^#CyXQiWv1Z
84,Elizabeth Bosch,fabiennekramer,2005-02-05,leon02@schenk.com,_@euSfMsD64x
85,Joël van de Klashorst,duboisamelia,1968-02-28,tara18@yahoo.com,KFNIDwcspN9(
86,Lena van der Leek,rooselorenzo,1978-06-16,de-vroegeise@hotmail.com,NE1RwftO2^q3
87,Bryan Emmen,wamalrada,2003-05-26,nde-backer@koninklijke.info,#U%lNIPmc0y8
88,Jonathan Goedhart-Verbeeck,evy42,1951-03-13,marijnvan-nes@hotmail.com,JJ5FHLpy^mfl
89,Lenn Ariens Ansems,stijnvan-wickerode,2004-11-01,lois74@royal.biz,mNYgCETu@2Bq
90,Isabel Veltman,fvan-gorp,1962-04-09,victor22@hotmail.com,Uo^+4t97^6KU
91,Elif Le Marec,hofmankaylee,1981-01-12,suus13@de.com,7HR&7+ar@6bY
92,Senna van Ooste,rvan-der-plas,1974-09-04,yfkevan-der-meer@gmail.com,)qOZRuN49AI+
93,Lina Arent-van Veen,astange,1969-11-27,esila30@hotmail.com,K6eZr4^Y^l3N
94,Jente Ligtvoet,lathropeian,2005-06-07,van-hultenfay@yahoo.com,B+x@%9Pg!&@4
95,Jayson Estey,brentrouwhorst,1981-12-11,van-der-sandevincent@gmail.com,)i4jMa#MjQ$M
96,Riley van der Velden,recerxavi,1993-03-16,rafaelcharon@hotmail.com,K$1HH5xudc+j
97,Valerie Cosman,willemsenguusje,1997-01-26,hollanderyusuf@uit.info,FwA#eTSO+3BM
98,Kick Spier,carlijn57,1986-07-15,blelijveld@royal.com,+1Vr+8IB*a$v
99,Boris Bos-de Kok,nvan-den-velden,1983-06-03,zeemanskevin@hotmail.com,1gnMZEhr+k%A
100,Aylin Moet,goudriaankate,2007-03-06,mlinschoten@lambers.com,Lbr01Lv+zK_9
101,Matthias van der Spaendonck-Miltenburg,vvan-der-ven,1972-05-27,victoria77@yahoo.com,!tJ!y3Bjv0uP
102,Dina Jacquot,rens93,1981-09-20,mara41@vastned.com,k+n1UXkAgU^%
103,Morris de Haas,strijkerashley,2001-04-09,britt92@royal.com,WP69H)&y!H&O
104,Jayda Maas-van den Oever,lexdriessen,1963-11-16,rveenstra@hotmail.com,JD@V@nzXzK1$
105,Brent Claesdr,tessjoosten,2001-12-15,walterjennifer@gmail.com,7gPSaSYz%bFt
106,Ella Saxo,van-luinilse,1954-06-26,de-kokindy@royal.com,5Gy4UmR1!Lu@
107,Ninthe Kleibrink,wendtjanne,1983-09-25,femke43@hotmail.com,rrmUT8isa%0x
108,Justin Tielemans,tobias82,1966-10-01,elisabethvan-der-ploeg@jacobs.net,aT+^6fYe_#B#
109,Dewi Lieshout,huijsjoey,2006-04-23,evelien99@opmans.com,NPW1Wpy_2#i^
110,Rowan Mathieu-Dijkstra,silkevan-es,1996-01-29,noa73@yahoo.com,nfHTURxe&(L0
111,Lena Butselaar,meesvan-este,1953-01-23,liz47@gmail.com,&sTZ&P1bs4HB
112,Tijn van Hostaden-Galenzone,nathan21,1998-11-20,van-hagenfiene@stichting.biz,GG8tTa+f1e+A
113,Wouter Martens,recerali,1958-05-23,ivan-wessex@gmail.com,)NH^WgSXTn7_
114,Ilse Fremie,hanebergstefan,1952-08-07,iseschwartsbach@van.com,@4io%M)pCl3K
115,Levi Simonis,quit-de-willigen,1993-03-12,fabiennevan-voorst@hotmail.com,1XeP!zY(+l7I
116,Owen Schrant-Reijers,tammerijnmicha,1951-02-28,heijmansjasmijn@yahoo.com,X#0CD6Xs^NYs
117,Stefan van den Hoek,dewi58,2000-12-04,elineverhoeven@stichting.com,R0W!5MAue8&q
118,Eline Heerkens,loes03,1986-02-15,bvan-de-klashorst@ziut.net,p3j_Kmvc#fLe
119,Jelle van Maaren,groenannemijn,1953-05-22,tielemansfloortje@gmail.com,8B3(j8@YQ^DG
120,Ben Thomas,britt70,1967-01-20,van-nederlotharingenroos@gruijl.com,eM6dKECfi@^u
121,Bo van Jumiège-Thatcher,ovan-munster,2005-09-15,ninarijcken@koninklijke.com,%7NoPDUa^e*T
122,Evie Phillipsen,zaravan-rijnsbergen,1977-09-01,vosjulian@hotmail.com,TD)06gZn(WC*
123,Oscar de Grote,aimee01,1955-02-17,pippas-gravensande@jurrijens.net,L3TAkcsv%6zV
124,Joey van der Velde,aaltsjohanna,1970-05-30,schriknoa@gmail.com,$6sGSbN1GuW+
125,Cornelis van Schevinghuizen,fhoning,1994-07-07,yvan-jumiege@van.com,*G4J!Ogr78UN
126,Maxim van Riet,janssekayleigh,1975-06-23,fvan-den-brink@hotmail.com,YbbcRHpsR)L1
127,Fleur Kosten,stoffelszkaylee,1974-05-29,van-northeimelisa@gmail.com,lYV&Pp8)80)j
128,Puk Kwaadland,lizzy37,1980-10-14,walsteijndavid@keltenie.biz,f0UV%7o$&N3w
129,Kaylee Roodesteijn,azravan-duvenvoirde,1998-05-29,silke76@royal.com,tp(7*tGjhg5N
130,Nout Arent,bakkersjoerd,1971-09-17,van-ginnekepieter@schuurmans.com,%!04c)w&WFiT
131,Maud Elberts-van Heusden,lise65,1970-06-09,lizzeelman@yahoo.com,zMm1^y2kZ!6J
132,Carlijn Bouhuizen,draaismaelena,1999-01-28,fberends@gmail.com,_+CB!evNHfm0
133,Chloé van der Lede-Wolffel,janna46,2006-01-20,wutkebenthe@stichting.com,#G2_sYErY3_F
134,Senn van der Plas,alyssa87,1976-11-05,visserbrent@royal.biz,@Lcu+Uu#_aZ3
135,Dean Cadefau,maud17,1959-04-11,guitflorian@loreal.org,J$1cZgU_nkiV
136,Elin Zwart,tijmenpeterse,2001-12-11,eliasde-bruyn@beernink.com,!VFdkN)_805c
137,Loïs Frerichs-Steinmeiern,sten08,1999-03-14,gerritvan-der-heyden@wooning.net,a82k7Yu1b$Z9
138,Angelina Groenestein-Chevresson,jasonboeser,2005-03-08,driesquinty@gmail.com,+27CjCSsqF4M
139,Elisa de Keijser-de Boer,tygolucas,1965-02-06,joshua52@gmail.com,_9LBDrik+X0x
140,Melle van Northeim-van Liendert,amin63,1983-09-07,thomas93@aelftrud.com,PJH7XyO&hd!4
141,Leon Strijker,johannavan-laar,1956-07-26,xvan-loon@le.com,_YGdRuhdX73W
142,Sophie Carnotte,de-heerrens,1985-06-02,wutkerens@gmail.com,Tj_CWcgh_e8i
143,Annabel Dekker,owen77,1979-03-04,rvan-der-kaay@koninklijke.com,G1C^0(_c$w7I
144,Joy Bierstraten,jonas10,1973-12-26,sjoerd95@koninklijke.net,)k77sxi$*L0J
145,Daniël Pasman,brizeemorris,1962-04-29,xrisma@mathurin.com,R0AuLo_LB!^2
146,Zeynep Jonkman,svink,1982-08-23,ibrievingh@tammerijn.biz,&%Z34vOl)Kb&
147,Twan Wolters,tjoosten,1972-01-06,sami50@yahoo.com,qo5Jzl9lx^s_
148,Sienna van den Velde-Vertoor,de-bruindex,1971-01-10,ascharroo@van.com,O#AVJgrk+A6Z
149,Sylvie Pieters-Boers,schermsadriana,1962-08-07,elisabeth79@farm.com,_g@7WdMd7$EZ
150,Luka Luboch,lisageneart,1993-11-15,nora54@royal.com,!9FNDte+(1sL
151,Brian Huijbrechts,van-parijsphilip,1981-09-23,imran79@hotmail.com,^m42_4Wj^dk^
152,Senna van de Wiel,van-milgerrit,1957-09-23,dijkstramichael@hotmail.com,u3s!E&ovd1+Z
153,Boris Bastiaense,julialonen,1989-03-13,romyvan-der-loo@gmail.com,o1d1bGnq+QIi
154,Nora Wolters-Sire,fechantnick,1959-08-23,de-jode-vastraedsdmatthijs@yahoo.com,4IyJpsVo)!4b
155,Bryan Janssens,sde-wit,1996-06-05,chriswouters-van-eijndhoven@vink.org,f&1VHkZnNWHN
156,Kyara van Wallaert,fennahulskes,1958-09-16,chotzenmerel@van.com,6vYiaQTM#OPS
157,Hailey de Bruyn-van Geffen,cbouthoorn,1976-07-01,phileine27@dsm.com,+bacPypPG6xX
158,Sten Zeemans,maja90,1953-06-18,bgervais@yahoo.com,a6ZVL%bC^6Mp
159,Loes Billung-Uit de Willigen,ude-lange,1951-10-13,sgoderts@vervoort.net,At2ZyFo37_U5
160,Matthijs van der Horst,nvan-daal,1968-12-29,stettynamina@yahoo.com,I6QbKrYg&O8m
161,Veerle Cosman,rayanvan-liendert,2005-06-10,jamiesteenbakkers@dekamarkt.com,@Z3iI(26nMNK
162,Amin Rijks,inaya82,1968-12-13,dbernaards@timmermans.com,a@v6L(gvQnwu
163,Sami Timmerman,merle96,1991-03-18,jmolen@kunen.com,*Rd(sN68k6IF
164,Owen Pauwels,chloe64,1952-10-05,van-der-laarsenoa@gmail.com,*6AvAApmKBmZ
165,Vajèn Vermeulen,kgodfrey-van-alemannie,1982-06-14,weylantstijn@hotmail.com,L#8ZYk_H+BXk
166,Pien Uphus,vvan-opper-lotharingen,2008-01-11,jesper95@stichting.biz,vr2wMZmty^d0
167,Elin Hendricks,van-den-veldenthomas,1956-06-14,ohendriks@hotmail.com,9O)3Zz8iI$_9
168,Lizzy van Kuijc van Malsen,artsvincent,1967-04-16,zara63@center.biz,*%C5IzcxW+96
169,Yassin Brizee,lukekramer,1975-08-19,noelle72@gmail.com,7B8OyNeJ^7nu
170,Nora Kamper-van Evelingen,lijnjames,1971-11-12,joepbouthoorn@janssen.com,zu7EdNOo+)&N
171,Mees Adryaens-van den Wittenboer,stefanellis,1988-09-20,vgeneart@schwartsbach.com,n+5nadwV!&aS
172,Sepp Schulten,lucy01,1964-10-10,de-vrieslucas@gmail.com,p$69ha(OJlCc
173,Leah Mansvelt,yvan-ginkel,2007-01-05,demi96@gmail.com,K&#D54TfOYQ9
174,Oscar Steenbeek,anoukvan-dagsburg,1960-07-03,van-der-zijldani@gmail.com,(1fmEVn@gMkQ
175,Loes van Hostaden,vroukes,1970-08-25,joeyemmen@royal.biz,(0NdAxmOXy(0
176,Colin Bastiaense,finnbeernink,1956-05-10,mensxavi@perrono.net,$1@0+JyMpV2U
177,Zoë van Beeck Beeckmans,csmeets,1993-04-16,gvan-santen@hotmail.com,+%9UV7pr(YZL
178,Laurens Waltrade Walderade-van Engelen,amiramosley,1999-10-24,shuijbrechts@hotmail.com,aEM+63NvN0+O
179,Alex Wipstrik,quinten22,1964-08-23,vierdagthijs@nollee.net,k7iTspqW$Iwl
180,Dave Hendriks,samwolzak,1984-11-30,jolijn78@mercedes-benz.com,)2#e!nN957KI
181,Collin van Dam-van Arnsberg,hvan-kusen,1979-02-02,van-geffenjacob@gmail.com,DHjKC#c++y8l
182,Nadia Timmermans,alex48,1998-01-30,pvan-ginneke@van.com,_&gGfrQS6PYD
183,Evie Stoffelsz,hvan-de-elzas,1990-09-17,lukas85@bruynzeels.com,!D*hVevbo4Sx
184,Lieke Post,verdaannabel,1999-01-02,twan12@pink.biz,rN@FQVBn7OJ1
185,Lex van Kuijc,yasminevan-de-wiel,1960-03-19,tychovan-northeim@kleibrink.com,(U9NdzANk_V@
186,Cas van der Strigt,colin06,1983-08-28,dewi75@yahoo.com,*Zib+f&yYG9E
187,Thom Korsman,terrydaphne,1969-04-08,lorreijnvalerie@van.info,(10k6DvKlWH$
188,Thijs van der Flaas,ryan41,1978-08-18,van-der-pluijmjelte@stichting.com,@%xJeA*ns2vs
189,Yasmin Heinrichs,cas57,1985-01-01,van-rossumbart@yahoo.com,TV3Aa)iL_Pj_
190,Amélie Aarden-van Lucel,helena20,1988-03-03,mscharroo@royal.com,8+R^Sqnfzq_3
191,Evy Van Bragt,julius79,1981-03-14,hulsguusje@gmail.com,b)seiAaa^#7b
192,Janne Laffray,hoesvalentijn,2006-09-13,timariens-ansems@gmail.com,+e2iYl4yx0Ye
193,Thomas Schiffer,jkriens,1977-05-06,chrishoppenbrouwer@honing.org,8$@x8Xzr!Jba
194,Kyra Wolzak-van den Brink,neuzerlingboaz,1996-09-04,cvan-der-kint@yahoo.com,!U@gyJGk06Y*
195,Sam Prins,feddevan-northeim,2004-08-23,merle05@duivenvoorden.com,_%#Bd%)u7AS%
196,Jaylinn Gerrits,motte,2008-03-25,dde-hoogh@stena.org,vjLC)1Kuk2UZ
197,Elise Peters-Jacobs,courtierhamza,1999-09-14,pvan-de-weterink@yahoo.com,_%WRxya_5m9%
198,Noah van Ommeren-van Maasgouw,nadine99,1973-08-20,sten52@gmail.com,*0dM3PimhFHn
199,Jacob van Evelingen,fienwolfswinkel,1958-03-26,mannejorn@stichting.com,62K7*r_a+D2L
200,Sofia Diesbergen,jeggijolivia,2004-10-06,joostvan-der-kint@intergamma.com,69XNRkCukqp^
201,Pien Die Bont-Kortman,xvan-de-pol,2003-10-15,ulambers@hotmail.com,eO8HuWp43^HA
202,Colin Fiere,tim85,1967-09-18,van-luinangelina@koninklijke.info,&6@L7zs9PS^8
203,Jelle Maas-Verhagen,michael43,1987-07-20,alex44@koninklijke.org,P_+04PuQkifM
204,Emma van Enschot,xbolkesteijn,2002-10-19,mikaariens-ansems@nedschroef.com,cnj3C@Nu+^CY
205,Eliza van Oirschot,verhaarecrin,1986-10-06,dirk21@hotmail.com,W2BtG3wQ(F!C
206,Ninthe Doorhof-de Koning,hendrikmatthews,1978-11-12,kvan-oirschot@hotmail.com,)g8!_%HlQ4rS
207,Iris Sprong-de Leeuw,stefpotters,1969-12-26,yvan-kuijc@gepa.com,Rb$fs2Iu(FhP
208,Luca Brouwer-van Leuven,duivenvoordenfloortje,1967-08-05,vwalter@yahoo.com,$aBbMM&ae6M8
209,Chloé van der Laar,ekoster,1962-06-15,jan75@mol.net,$7ZWsbA$!jiu
210,Aiden Vial,jadedekker,1979-02-01,kostenkarlijn@bronder.net,Y@vKr5*B@a53
211,Angelina Dirksen,sjoerdsterkman,1994-08-15,van-der-lindenlotte@hotmail.com,#YGuj)Dtc4b%
212,Luc Bastiaanse-Osterhoudt,hoelenmilan,1985-03-02,npeterse@cosman.com,*Z5fGKe)Bk4k
213,Indy Persijn,brittclaassen,1965-12-23,evide-gruson@stichting.com,$z7C0Sg3P@M0
214,Fiene van Haarlem,markvan-rheineck,1967-05-03,senna62@rijk.biz,imk@9pXn(+f7
215,Aya Vermeulen-Jaceps,jlutterveld,1991-08-19,bartelsninthe@koninklijke.biz,Az^rzMup&wj5
216,Michelle Cornelisse,vvan-bruchem,1993-08-08,woutboudewijns@royal.com,_6%9O(veGey^
217,Lara van der Klein,utammerijn,1997-06-21,hanebergfleur@hotmail.com,3h2^0x*jII9I
218,Luc Haring,lmichielsen,1983-07-01,latiermaja@rijntjes.info,_uFDDVNb*9h!
219,Jonas van den Henst,sophia77,1985-12-08,xverwoert@hotmail.com,bG%5l*Ld^r_H
220,Luna van Olst-van den Berg,alieshout,1975-06-19,wolfswinkelnorah@gmail.com,5NVoDvvNa5*+
221,Casper van Wassenaar,sterkmanmerle,1985-10-13,quintyvan-ginneke@gmail.com,3*H&Ke+hsi87
222,Bibi Vermeulen-Neuteboom,walsteijnrowan,1986-10-08,ootte@yahoo.com,&g4h(CdwU!@R
223,Bram de Roos-Ariens,jtuithof,1985-10-05,alyssavan-jumiege@gmail.com,)leWAExzeNn4
224,Teun Niermann-Chevresson,nienkevan-soest,1960-10-13,maria20@hotmail.com,&DG^N8uvS*B5
225,Max Jacobs,svan-rijthoven,1994-12-10,kaylutterveld@wooning.org,@2%MNvnQDK_f
226,Mette Kuijpers,xfurda,1983-08-23,oschellekens@hotmail.com,()ZtAVdNd&*5
227,Boris Verbeeck,van-der-loojoey,1989-04-11,de-plantardcornelia@hotmail.com,(7Cahqa(pd!L
228,Nick Koeman-Fremie,nadia01,1989-07-11,rayan82@ggn.com,$94BqBtzWPcb
229,Wouter Hulshouts-Moet,mathijs29,2007-01-20,van-der-venlucas@yahoo.com,&6MdR^oz&2Fa
230,Jason van Drenthe,mblom,2006-04-20,sarneelgiovanni@van.com,jLl8*y4k^1Qq
231,Lisanne Saxo,budjens,1974-02-18,wlangevoort@hotmail.com,rHV_cta_T78R
232,Milou van Kuijc,tijmenwildschut,1991-10-25,mason68@hotmail.com,$IB&^gc04hUO
233,Leon van Wassenaar,le-brielamin,2000-02-15,van-bunschotenjinthe@stichting.org,b9Qf^oQw!GO(
234,Kiki Soos,justin09,1970-02-17,sennastrijker@hotmail.com,o0OMA*tf(!J2
235,Dani Prins,vincentde-roos,1983-07-24,rayan62@hotmail.com,o+1%Eq2v#HOs
236,Charlotte van Bovene,fvan-der-ven,1995-08-30,lieke68@blauwhoed.com,D@E$nJW!@0&e
237,Imran Heinrichs-Roose,isabelvan-dam,1963-02-09,sgroen@lijn.com,@2_@2pbQ2yMJ
238,Cato Sanders,mats56,1953-11-27,quinty02@aalts.com,t*1wEi*@$4CP
239,Evi Schenk,elizade-hoogh,1991-07-18,huijbenfenne@brizee.com,vXANiD+c$e7i
240,Tycho van Egisheim,van-rijthovensten,1999-03-17,esmeescheer@slagmolen.org,!RP^KPTGm3!X
241,Frederique Muijs,jolijn48,1981-05-21,kianbruggeman@smit.com,$y23IZzxC%r7
242,Mohamed Arts,keano42,1972-06-25,van-der-looimke@hotmail.com,q@6m4UVih+5f
243,Kyan Leguit,jonasvan-susa,1984-02-22,aron42@de.com,#1Nh_h!*G(@n
244,Vincent Bastiaanse,guitcarlijn,1968-08-09,martensimran@yahoo.com,)+7FY)j*9Pn_
245,Esther de Jager,van-veenjelte,1974-06-08,emirschrik@stichting.com,+^C1BtcY9q81
246,Thijs Jorrisen,muhammedjoosten,2004-01-28,evan-opper-lotharingen@gmail.com,_B)6EOXi)Z_v
247,Lina van der Linden-Ooms,lferran,1987-01-20,jinthefredriks@gmail.com,^N)GtEaj_Mn0
248,Xavi Janssens,sblom,1959-10-09,bram19@gmail.com,__6!nFia_R*9
249,Jack Hazenveld,bryanbos,1997-09-14,alexanderde-smit@flynth.info,Aqu8&Fwg(4HS
250,Hailey die Witte-de Gruil,bramde-backer,1982-04-09,marinushakker@gmail.com,@#8S%ThyS5#7
251,Aimée Wilmont,veerle68,1956-09-25,lieke65@gervais.biz,l++qVp9+MrD8
252,Joëlle Huijbrechts,maxim59,1961-05-08,de-keijserleon@gmail.com,T)9@CAqlseL0
253,Benthe Dries,josephinevan-laon,1975-02-12,wremmers@yahoo.com,_E9IDcKsYB2I
254,Rik Pieters,kerkhofnadine,1992-08-16,robin29@ford.com,&MZ6MOgvu$2C
255,Ceylin Schipper-van Holland,van-der-spaendoncjari,1998-03-08,floortjemijsberg@yahoo.com,G)EJT%ywc7Z0
256,Lieve Miltenburg,joey01,1981-02-10,yara42@gmail.com,Rk6KtpmTs2P^
257,Alicia Kamp,fjoosten,2000-12-10,le-gallenluuk@hotmail.com,+ZU#hedjW0O2
258,Alyssa Stettyn,amelia17,2005-10-08,wvan-t-riet@yahoo.com,(6LFS0K9ayQd
259,Lorenzo van der Smeede,van-gentamelia,1978-05-19,nadine63@van.biz,DkM3PkdvjP@a
260,Amira Beekman,keijzerlot,1950-09-04,noud29@yahoo.com,X8MuJvGf$B+g
261,Sam Rippey,tessvastenhouw,1993-05-12,gellemeyerayoub@klm.org,SxU0Tywj1a4#
262,Ibrahim Feenstra,fennablees,1995-04-03,van-laarsilke@haengreve.com,%E2GC@^c^cFB
263,Bryan Walsteijn,yassin99,1962-07-21,anoukreijers@lorreijn.com,i4Fsq_&d(80Q
264,Jolijn van de Water-de Werd,luckuilenburg,1982-03-05,victoria61@stichting.info,hmYWNTtY%&7P
265,Jayda Bolkesteijn,lamoremaja,1986-06-29,wlemmens@gmail.com,F3)VlCMk@TGW
266,Maurits van Bovenen,uulrich,1999-02-18,borisvan-verdun@coca-cola.com,1CGU9opz&9DH
267,Laurens Genefaas,rsteinmeiern,1951-07-02,sep18@yahoo.com,Ay9*tom*4n_B
268,Ravi Zuidweg-van der Loo,chevressonlukas,1956-05-19,budtara@stichting.com,GduZ(B_z+9Zb
269,Zoey Schotte-Vandenbergh,fnihoe,1995-05-23,joy15@hotmail.com,^O3bWGOcmi$3
270,Tygo Huel,sarahwouters-van-eijndhoven,1960-11-14,mvan-de-wiel@yahoo.com,0$qZ1Ihns1#a
271,Jim van Dommelen,jamiede-strigter,1987-11-03,bram74@yahoo.com,@J9UmROKc0w4
272,Ibrahim Nijman,zde-marduras,1954-11-15,kimsalet@fleurametz.com,$951tUgjc0c0
273,Johanna Verschut-Bezemer,zararoosenboom,1995-09-19,izeariens-ansems@koninklijke.info,mTznD0_b$g7g
274,Juliette Bastiaanse,michael58,1967-08-24,sandersjasmijn@hotmail.com,pa_OEgyn+20Z
275,"Hidde West-Francië, van",sebastiaan96,1986-04-01,jonathan09@hotmail.com,KL5kTxOdM++Y
276,Sep Spanhaak,van-hoevel-en-van-zwindrechtberat,1970-01-03,megan91@van.com,&5rVawTwe_gJ
277,Fabiënne de Jonge,gde-vroege,1982-08-04,esila42@hotmail.com,_5ZI2AAs&1jn
278,Lara Winnrich,bwillems,1997-08-17,dvan-t-riet@gmail.com,(_tkUFXn0$Y)
279,Berend Claesner,melissa15,1981-09-16,dewi75@hexspoor.org,$3__O4cwA8zX
280,Aaron Keijser,van-den-eijsseldylan,1958-03-14,faasvan-nus@van.biz,N11!7XKa)_Jm
281,Lenn van Poppel-Slagmolen,isabel19,1985-03-14,isabel46@yahoo.com,m_+(OU#naKt1
282,Jip van Wijland,philipvan-den-velde,1951-01-05,kuitilse@gmail.com,ekKioHtZ^M9U
283,Loes Werdes,cdirven,1997-11-16,kyanogerritse@van.info,tk*rfYyz%^3h
284,Valentijn Kuipers,fedde76,2007-08-08,jorisramaker@woningstichting.com,K$3&@f*#_!XU
285,Eliza Meijer-van Nus,quinten98,2000-01-25,van-enschotthijmen@portaal.com,Q1E$z@m9)GEq
286,Thijmen van den Broek-van Wijk,sep90,1989-07-18,proom@bos.biz,%3mCiKyOlTXn
287,Tim van het Heerenveen,rhuberts,1991-02-05,bourgondie-vanalicia@westermann.info,@3AXGc@b%F)d
288,Isabel Luboch,ties03,1958-06-03,arnoldkoen@mainfreight.net,q0%%a8BW)zZH
289,Milou Wilson-Muijs,xstichter,1964-05-26,ayaruijs@yahoo.com,+sQd83_y5g38
290,Yasmin Heijmans-Bierstraten,rbosman,1980-05-09,fsteenbeek@gmail.com,@GK9MpRa#%vt
291,Jens van Drenthe,zcoret-coredo,2001-12-03,isimonis@fujifilm.org,+xMzYtqc89j9
292,Maryam Prinsen,hoelenmike,1975-01-02,mirthe27@yahoo.com,#E!7AU^oSwK7
293,Daan Bökenkamp,florianbresse,1993-04-15,cuittenbosch@dachgelder.com,!55PRw3Unc^J
294,Imke le Luc,vincent49,1991-09-12,rickbrouwer@stichting.com,P3PZD3n#)kz^
295,Linde Hexspoor,van-noordeloosinaya,1989-06-25,marijn39@yahoo.com,iELH(5gzE$5t
296,Eva Hofman,lizale-gulcher,1980-12-11,lois45@stichting.biz,&r81L0sieM*E
297,Luka van der Heijden,wvan-brenen,1955-05-12,tperonne@stichting.com,zdTELILn)9)1
298,Meike van Heusden,cvaessen,1950-12-03,sylvie13@koninklijke.com,Ps9G8Q$vr)J8
299,Jack Schatteleijn,ovan-enschot,1961-08-29,sterre49@oostveen.com,oh#sxRGrn#31
300,Stef van Hoevel en van Zwindrecht,selena11,1985-11-02,qvan-venrooy@gmail.com,#4^kfXv8YPje
301,"Eliza Bourgondië, van",pisonibrahim,1998-05-17,iselutterveld@yahoo.com,g82qPpf!%*32
302,"Muhammed West-Francië, van-van Rossum",noellesteenbakkers,1976-04-09,isabella77@suit.com,4x(iJLJd1wa7
303,Lot van Allemanië-Ouwel,smeetsmarijn,2007-07-25,jdachgelder@koninklijke.biz,7%N4ZmL4&7j(
304,Sepp de Grote,vermeulensanne,1951-10-01,butselaaranne@gmail.com,o8f9+FGf^@oh
305,Ivan Sterkman,oomsfien,1953-04-09,schagenlena@de.biz,^fiI4Cc+#k2W
306,Jamie Scheer,gmartens,2000-12-26,sde-graaf@yahoo.com,@9e3GzNrieLU
307,Livia Haneberg-The Elder,jack11,1975-07-23,nisavan-suinvorde@ferran.biz,oi%7IQnx)Wq7
308,Jay van Leeuwen-van Roijen,grooteteun,1994-10-05,whoning@kof.com,#J0lOdSH#K3u
309,Livia Korsman,maximvan-den-nuwenhuysen,1992-04-01,anne94@bacardi.com,eF21Mz!q2^L*
310,Jesper Bastiaense-Lorreijn,matthijs69,1974-03-29,fem64@hotmail.com,+g87*kVsC(3C
311,Aaron Oostveen,dionjonker,1964-08-20,willems-gravensande@stichting.com,MA7NvjeEoB(W
312,Stijn van Emmelen,svan-suinvorde,1998-10-19,van-duyvenvoordehannah@yahoo.com,#DJLou2Fv02E
313,Tycho Zuidweg,amelia09,1972-09-28,schellekensfrederique@yahoo.com,&0xmpWzYOwqh
314,Pim Laffray,davevan-bernicia,1998-12-07,van-gemertfloor@timmermans.net,%3bts0yfF@UI
315,Rayan Rubben,kuijperstim,2006-07-15,evi38@mammoet.com,%MRlu&t1&B4@
316,Azra Ponci-Tammerijn,leahhuisman,1975-11-17,de-grotejolie@yahoo.com,#4Er19dsOU4Z
317,Dina van der Maath,jinthevan-drenthe,2007-03-13,julian58@hotmail.com,+4M#(q1_VFFC
318,Sienna Arens,stijnvan-olst,1993-03-24,hailey12@yahoo.com,%@lOrKHn2FDc
319,Johanna Sanders,kboers,1957-09-24,pien98@jansdr.com,ilJz!_rA15!&
320,Adriana van Oostendorp,owengoderts,2007-12-10,emichielsen@hotmail.com,i*)i)jshg&7W
321,Tijs Lage-Ouwerkerk,ravi58,1952-03-22,pelsemulder@jacobs.com,&!1+BJNnw13Q
322,Nick die Pelser,knufmuhammed,2000-04-01,avan-hostaden@hurks.biz,70WlLFnC&EJy
323,Jelte Rijcken,annavan-hostaden,1960-08-16,van-lucelmatthias@gmail.com,@lFJbO@797LA
324,Mads de Smit,jessefiere,2000-03-13,kayleejekel@gasunie.com,67ngQLtF^yZW
325,Jinthe de Wit,le-marectessa,1973-05-18,van-doornyasmin@gmail.com,$RId$Ujv891P
326,Femke Aelftrud van Wessex,bmeijer,1996-07-17,martrubben@yahoo.com,4e)XfDMhWSN5
327,Mads Kremer-de Korte,seth09,1984-05-07,fweijland@van.com,M+OYTIvh%5zF
328,Boaz de Ruiter,jurrehaselaar,2008-03-18,nisakleybrink@hotmail.com,hI&B8*NliBRH
329,Fiene Adriaensdr,linn72,1962-06-24,avan-bergen@aviko.com,XzWEvCtU)&3g
330,Kyan Zuidweg,jessevan-noordeloos,2008-04-03,hidde41@meeusen.info,*51MZltqt63V
331,Selina de Jong-Draaisma,trippey,1985-10-05,van-enschotxavi@smits.com,Y^k6WiUqfFa_
332,Kyan van Tuijl,linarippey,1972-11-06,jayda75@yahoo.com,Vi49SFEiv++N
333,Daan Smith,oriem,2001-01-01,meyerelise@stichting.com,^X8D+pXqqN0Q
334,Jens Niermann,jules32,1995-11-25,maaswinkelquinten@yahoo.com,a9jQ42bH*C%U
335,Gijs Remmers-Latier,koenvan-kasteelen,1980-10-14,rouwenhorstchloe@stichting.com,38iJ*r$k#bKN
336,Floortje Ariens Ansems-van Dijk,van-geffenlize,1991-02-08,qaalts@sita.com,*8Z7RKcq2(h1
337,Dex Dijkman,gstook,1984-02-17,floor82@gmail.com,PBG*AjU++@3p
338,Marit van Beek-Sanders,sophiaroom,1985-07-15,rik24@yahoo.com,LJH+kHxEly5X
339,Amelia Vandenbergh,ude-haas,1970-06-15,fayvan-de-brink@multi.com,@1fMx$fctOHW
340,Linde Zuijdveld,hschwartsbach,1973-09-17,nynkeeelman@yahoo.com,VUT+CEaemd_6
341,Karlijn Oda,vwooning,1962-12-03,lucas90@henric.biz,n7zFTzxq&b8Z
342,Mads Klerks,van-metzevie,2003-07-06,van-dokkummarit@koninklijke.com,ZD_5CJfU!n@4
343,Lina van Kuijc,livwillems,1990-02-27,liviajorlink@tamsma.com,!R8CBT3bJ8v4
344,Amelia van Gent,rubenbutselaar,1958-10-08,mde-vroege@gmail.com,x9UQ0Dvc&zI3
345,Wesley van Kempen,ansemsruben,1967-10-07,wgoderts@yahoo.com,%zNZGMw8u1_6
346,Pepijn van Mook,dachgeldtesila,1960-12-28,riley96@van.com,(1r(0XAzt7B2
347,Angelina van der Meer,kvan-den-velde,1960-03-19,bechtphilip@geerts.com,p@)WZBMn)OF7
348,Felix van den Berg,maartjejanssen,1963-10-01,genefaasjulie@audax.org,@aCybQiri3JH
349,Senna Mallien,aminjanssen,1993-05-23,jayde-strigter@stichting.info,I3L7Khas^zUD
350,Nora van den Eerenbeemt,casper56,1995-11-07,duuknoordijk@pink.com,@DLjvxx1mrW8
351,Lieve Karels,van-der-kleinravi,2001-01-23,roankleybrink@korsman.org,J2$xtGQJ$BfR
352,Emma Dircken,van-t-rietimran,1995-11-10,wknoers@de.biz,&9x8s)gvhKGi
353,Sami van Nederlotharingen,indyvan-engelen,1971-07-26,van-der-ploeglaura@hotmail.com,t28Cyr(M*qdk
354,Evie van Vermandois,dvan-bovenen,1956-06-02,milou44@koninklijke.com,@5OVb*weT0DQ
355,Max Genefaas,passchiersrafael,1957-09-23,wbriere@hotmail.com,*HlhSt3qYC97
356,Isabel Postma,timo05,1974-10-17,lise23@hotmail.com,h(0O&XmlxB5t
357,Maja Lensen-de Haas,maartenvan-salmen,1992-09-14,maartje75@gmail.com,2A5ZATdX^&#t
358,Lina Wildschut,yhuisman,1999-02-09,fabienne91@stichting.com,z@4d4qEv$8xp
359,Elise van den Corput,vde-kale,1963-06-23,maaike46@yahoo.com,E^)3yKR)yrPN
360,Myrthe Neuteboom,ksanders,1999-05-25,fvan-engeland@hanos.com,as8!%Er86s#O
361,Guusje van der Maes-Stook,lars98,1995-06-06,lisannevan-der-meulen@hotmail.com,)h5j^%It2yAz
362,Jayson Friehus,der-kijnderelif,1999-12-24,sde-grunt@yahoo.com,#1J6F72Dd5L&
363,Bo Koster,van-der-heijdenali,1954-06-02,sam40@stichting.com,_y*c+F1fP9Pm
364,Seth Thout,fedde52,2004-05-26,van-wassenaarjoost@vial.net,TvF5m1HE&7mD
365,Tara van der Berg,pvan-der-stael,1956-07-31,mustafa27@smits.biz,@*TXpzjj&6$C
366,Nina Bud,brumleveyasmin,1962-03-10,wligtvoet@hotmail.com,!1Fdt*qse6X3
367,Valentijn Slingerland,perckinaya,1964-05-30,sanderoemencs@yahoo.com,&Y70EeeAvatI
368,Fatima Arts-de Roos,van-haeftenhamza,2005-12-20,heijmenfloris@van.com,6c5FR9Ux(mrw
369,Laurens van Orleans,heerekyan,1985-08-28,fleene@perrono.org,Ki^7yXfe@+p6
370,Joris de Gruijter,tarasmit,1994-03-24,joeyluitgardis-van-neustrie@royal.com,R1H*%cIRX0tF
371,Aaliyah Cornelissen,oheribert-van-laon,1950-10-17,bernaardshanna@janssen.org,XL6cvDzLu+J_
372,Fay Knoers,lana06,1962-04-04,berendvan-laarhoven@yahoo.com,)Y3HrMLw+mb8
373,Suus van Limburg,pde-bruijn,1963-08-20,semjansen@yahoo.com,Anj@$4o+G81U
374,Ian Kirpenstein,jmallien,1995-10-13,vince32@yahoo.com,RY9^t@uqC&uY
375,Job Totwiller,vvan-oirschot,2007-08-08,mick18@kas.biz,@S8ydsTn_Kh_
376,Valerie van Gastel,tobiasbernaards,1990-04-13,pien51@yahoo.com,@H+zkbEte2&W
377,Sara Ramaker,angelinascholten,1961-11-24,kuphaus@pastoors.com,%hiL^SNkYg@7
378,Michelle de Bruin,rens86,1996-02-12,hidde54@hotmail.com,&$7Jtps@)i51
379,Thom Eijkelboom,bastiaansekyra,2003-05-25,kirpensteinelise@hotmail.com,**e2hZvw!k5$
380,Lenn Mahieu-van Vliet,vincentsimons,1986-05-31,gleguit@erhout.com,xde%2Rs0ZVWP
381,Maarten Ansems-Rackham,lily21,2000-06-09,van-verdunowen@van.info,jtdWwKfs!mF1
382,Mehmet Kriens-Broek,simon77,1963-05-05,dvan-loon@yahoo.com,#2XyGq+FKms+
383,Dewi Sas-Vial,arthurvan-wallaert,1977-01-07,mickvan-der-velden@yahoo.com,$Kw3x%PtBN95
384,Jelte The Elder,mheymans,1971-05-09,olivier52@royal.com,6v7tsnsN8!Ld
385,Sil Potters-van Spreuwel,uberendse,1965-12-21,njorlink@stichting.info,%G9iXijN*!EX
386,Lotte van der Linden,mayaligtvoet,1983-05-18,kim03@stichting.biz,3+#Z0JjiLG+K
387,Pim van Heusden-Scuylenborchs,elizabethhorrocks,1969-03-03,hoekstrabradley@yahoo.com,7fLYZHCn(8Te
388,Victor Doesburg,jamiegoyaerts-van-waderle,1984-03-10,dirkwolfswinkel@koninklijke.biz,1QZH+mmL^tPm
389,Amélie Broeders-Momberg,tessakathagen,1965-09-27,nathan66@van.info,#V3VcdVFs!6R
390,Lauren de Kok,mettemarchand,1968-06-20,joris54@yahoo.com,Kxb@a(G*v34O
391,Isabelle van Loon,olykandina,1990-10-06,ameliebleijenberg@yahoo.com,!3GFyW0OTkzp
392,Thijn Aschman,sofie04,1952-07-07,gklomp-jan@gmail.com,x3FgaA#(_LU^
393,Tijn van Ooste,aminheerschop,1996-10-15,tychoscharroo@stichting.com,HF#+G0!cawq2
394,Yinthe Ligtvoet,jaylinnvan-grondelle,1952-01-20,van-duyvenvoordedanique@eon.com,&F+S0JflBZIU
395,Meike van der Pol-le Luc,victoria61,2005-10-19,noahwipstrik@hotmail.com,p7$YpYrRn+l*
396,Sofie Heerkens,van-den-eijsselfaas,2006-06-05,sophie82@versluijs.com,^R4DIh*m5ns1
397,Pepijn Suijker,lilyle-floch,1960-03-19,carlijngerritse@gmail.com,(1j0AwjEH!AG
398,Madelief Broeckx-van Tuijl,van-wickerodemuhammed,1990-07-09,rekjill@yahoo.com,J8rdczGxi&Y&
399,Nisa Vial,evavan-mispelen,1981-05-02,milan87@van.com,_v2PSdGva$Vd
400,Johanna Hanegraaff,yasmineellis,1970-02-23,pvan-santen@de.com,&qVOeJwf0)y0
401,Quinn van den Velde,fleur81,1979-08-27,rbosch@yahoo.com,&qbNCcu_(&62
402,Youssef Lelijveld,jhellevoort,1982-11-29,joshuajonkman@stichting.com,!^0QAmz6N3bN
403,Daan Honing,ninadoesburg,1988-01-10,koningsloek@hotmail.com,Ih$BH2Hi&54t
404,Giel van den Hoek,alicia16,1994-05-10,jdijkstra@jochems.com,MltARCAw^4Mi
405,Laurens Vial,van-stralenzeynep,1991-03-06,rackhamfenne@yahoo.com,4uTq2x2Cc4W%
406,Oscar Wolzak-van der Pouw,joel79,1970-06-20,smitfloor@matthews.com,GfvLL6^h_7H%
407,Lauren van Boven,madscant,2006-04-09,ehak@yahoo.com,&el%o8S7k5D3
408,Fien van Dijk,kyanomuijs,1973-05-14,mila32@gmail.com,4ln9XwKyy(N*
409,Tygo Muijs,fabian03,1961-08-31,cde-jonge@gmail.com,$KgGXCSn1OkQ
410,Saar van Geest,rileyjeggij,1992-04-14,ykoster@sanoma.com,^95WM5MidLlG
411,Sylvie van Bruchem-Furda,wreimes,1980-01-31,rens47@koster.org,lo_E8&Tqd$^u
412,Florian van 't Erve,jelle81,1969-05-06,charonelif@sire.info,&22H*a1)Mif+
413,Leah Bezemer,de-plantardian,1962-01-30,van-miljari@perrono.org,0(6Zh%Ho%lc7
414,Phileine die Witte,ashley62,1994-06-12,maartjebouwhuisen@gmail.com,(s9AjOh3jh@L
415,Cornelis Beijring-Noordijk,framaker,1977-05-13,xvan-luin@gmail.com,2NZ*FDtb*^9m
416,Elizabeth Thatcher,alexandergoudriaan,1974-05-18,bryan08@van.com,XzCFlVri*6bK
417,Ilse van Este,jack23,1960-10-29,zschelvis@broeckx.com,U!2GS6tn%p7N
418,Ceylin Ernst-van Laarhoven,fatima57,1996-02-29,fien58@gmail.com,89Q4vNCP_fHw
419,Tijn Postma-van Loon,silkegiselmeyer,1965-08-11,ade-vrome@hotmail.com,0^u4CrKh+N#v
420,Loes Miltenburg,pvan-dijk,1983-11-12,eviekonings@yahoo.com,#&9kKROsxlZz
421,Melissa Wilson,brievinghjayson,2007-10-19,elias09@gmail.com,ksAO79n^9_g!
422,Louise Neuteboom-Schuylenborch,de-pauwnadine,1956-12-07,jennifervan-noort@yahoo.com,a^8ukobjMe#J
423,Nova Vermeulen,elisa37,1955-05-23,phoedemakers@hotmail.com,AesaEGXsol_8
424,Dana Verboom-van Brenen,veerle92,1972-05-30,vajenprinsen@agrifirm.info,5W2BfIje^lF!
425,Lily de Leeuw,thomasbreugelensis,1973-01-07,bo70@yahoo.com,^kNsutX5B0NA
426,Feline Adryaens,beratmulders,1967-09-08,sennaadelaar@yahoo.com,8mSZzwkZ!W1z
427,Thijmen Ouwel,lvergeer,2003-06-13,van-dijkdaniel@royal.info,!1x7+JfEi9Ed
428,Sander Sarneel,florianvan-haspengouw-hesbaye,1966-09-11,van-wijklisanne@hotmail.com,b8DkEp2v*tXx
429,Leon Weyland-Bolkesteijn,nadine66,2005-11-13,kmichiels@van.com,_7Fs#RUybFDh
430,Merijn van den Heuvel,honingwessel,1959-07-08,giel90@hotmail.com,m3p%AJ_r^+DI
431,Jennifer Blaak,scuylenborchsnick,1971-05-18,jacobssofie@woudenberg.com,13l5doSS%m5K
432,Tobias der Kijnder,thoutselena,1970-08-22,vermeulenmarijn@hotmail.com,wVCNMES7V2d!
433,Laurens Molenaar,jeltevan-de-veen,1957-06-17,raelftrud-van-wessex@royal.info,3b2RBHnt9(3)
434,Zakaria Heijmen,vlommert,1984-04-04,elineleene@hotmail.com,)1zhgch4wUaV
435,Kian Jeggij-Jonkman,zuidwegnaud,1973-08-15,rvan-den-corput@yahoo.com,*EqpbOwe3K+U
436,Jules Haselaar-Simonis,matthijsscholten,1970-01-23,ebastiaense@van.com,c3gG+4s@_NOw
437,Lieke Reijers,scardinoninthe,1968-08-10,ebertho@hotmail.com,libTXli1@3+J
438,Levi Luboch,feddesuijker,1973-08-13,jente49@gmail.com,6tGYrCpE_ROV
439,Floris van 't Wel,matholvince,1957-05-31,greijjade@hotmail.com,32#!H(8V*xD5
440,Arthur van Ommeren-Scherms,imkeamalrada,2001-03-09,loisvan-allemanie@yahoo.com,1UQsvhT0gyU@
441,Dylano Mens,hiddespeijer,2000-03-26,van-hagenkick@hotmail.com,t30rAcx%#NDF
442,Ryan Kleijse,daankeijzer,1957-10-11,van-duvenvoirdekyan@hotmail.com,er#4VxWqLnVa
443,Fenne Totwiller-Rippey,silkebertho,1991-12-20,yspier@tebodin.com,)$ZwpTHa1m$1
444,Giel van der Mast,visserashley,1991-09-10,luke58@lagerweij.biz,*d&_KzY^iM3E
445,Berend Vastenhouw,linaevers,1952-01-15,xavigiselmeyer@van.net,YxB+EG(t_5z&
446,Kyara van den Nuwenhijsen,kampjesse,1982-11-02,timmermansruben@yahoo.com,@W!8NDoEQRHT
447,Jay Zuijdveld-Butselaar,milan29,1985-03-18,breugelensisfemke@yahoo.com,!6TXG@hZvu1%
448,Tim van der Heijden,roessinkfemke,1967-08-06,ceylinvan-nus@yahoo.com,f1ZHGbmHcf$8
449,Alexander Peters,xhuijben,1970-08-23,faastexier@yahoo.com,9yB@miq$H47D
450,Noud Flink,tde-graaf,2000-01-07,ninthe48@hotmail.com,((5dAy8f)X8b
451,Thijmen Smit,joelmoet,1993-11-18,jordy84@royal.biz,l&+3MrZey5&c
452,Esther Breugelensis,ubouhuizen,1994-03-21,van-de-elzasalicia@koninklijke.info,6Q!Y3@lV(ISr
453,Kate van Wallaert,kayleigh49,1976-01-25,nadriaensdr@de.org,B^2Bj9c4HNo^
454,Mick van de Greef-Joosten,peeterstristan,1961-02-14,nout61@gmail.com,%xQIhnYj0OHW
455,Justin Belpere,louwsnorah,1958-04-27,rafaelde-lange@interfood.org,c@v3wiMe$J0K
456,Milo Merkx,maxim01,2002-04-26,quinty80@maxeda.com,^tgRIHZXp4Fd
457,Sepp Slaetsdochter,elif20,1988-10-20,elise26@hotmail.com,J9TqunZi+cip
458,Lizz de Hoogh,jakeverheij,1986-10-26,aron84@kunen.com,#xJTvIdyNH3i
459,Jari Oemencs-van den Eijssel,naudwolzak,2001-05-19,imkebellemans@stichting.biz,TK#lkEwS__1S
460,Aiden van Riet-van Clootwijck,jochemslisanne,1955-05-07,elena51@stichting.biz,(2PY$#HNs!pK
461,Berat Louws,maya00,1964-02-22,dvan-der-brink@stichting.org,I1Y25KBog@8@
462,Quinten van Haeften,kateden-teuling,1961-06-09,esilajacobi@yahoo.com,h8YNc$+d!iZH
463,Elias van Hoevel en van Zwindrecht-Opmans,huismanvajen,1963-09-06,julia23@yahoo.com,uM1ztO^rG4&n
464,Ize Hexspoor,kayvan-grinsven,1984-02-16,mike49@koster.com,Py&8z53j!M2M
465,Benjamin Bastiaense,floortjegeerts,1961-12-25,emirluboch@yahoo.com,Sg6gWsJn(RFo
466,Jelte Oennen,fblaak,1978-03-09,dhendrikse@yahoo.com,5+M_kp!S&o0Y
467,Alicia Vertoor,rgrondel,1977-02-27,ukalman@gmail.com,(UChwsRc52Sj
468,Niels van der Pol-van Doorn,amira42,1997-06-20,mirthe98@hotmail.com,8LS1ltUc_1sH
469,Ali van Hemert,ruben19,2002-09-24,nvan-vlaanderen@ten.net,PfS#BnOhkR9!
470,Sophia Bolkesteijn,lily66,1953-12-03,bbresse@hotmail.com,1h@r1QMH2nI1
471,Pien de Man,noaluitgardis-van-neustrie,2000-09-14,siem24@verda.net,G70w4dkW^*pF
472,Amelia van Stralen,valerie68,1975-07-09,vaessenlina@yahoo.com,!AY_sh^nt40I
473,Bilal Woutersz,semtakkelenburg,1968-09-15,mehmet71@koninklijke.com,r$Not5Jp$x2L
474,Arie Wildschut,tychode-heer,2002-10-10,mcourtier@van.com,QpD02CHq^%Cj
475,Collin van Velzen,amelie54,1970-09-18,ywouters-van-eijndhoven@yahoo.com,PAX9Jfy@v!++
476,Ben Oversteeg-Huijbrechts,verbeeknoor,1990-04-17,meisadam@yahoo.com,3YT^*ABqGVz7
477,Nadia Smits-van Arnsberg,leahamalrada,1980-12-12,mirthe82@koninklijke.com,(3*)n)WrfYYZ
478,Feline van Stralen,joelvan-limburg,1967-01-18,van-der-kintjayson@yahoo.com,&1WDMcyT78+U
479,Jade Perkins-Goyaerts van Waderle,jchotzen,1956-07-13,phermans@kema.com,k*3axwoC0UTG
480,Pleun Verboom,stinislaurens,2000-04-04,renskekort@royal.com,TAIOGgrkl)v8
481,Dion van Gorp,ladriaansen,1999-09-24,kdoyle@verhoeven.org,*OsCUPx5+mh8
482,Dean Brandt-Brouwer,lindsey87,1987-09-07,rwesterbeek@gmail.com,E+RuluVm#q55
483,Cato van Landen,wendtmette,2004-06-10,noragellemeyer@jurrijens.org,bX28qP%lt#9&
484,Daan de Vos,kamperkiki,1991-10-25,meijerjason@van.info,Wh&BH)1d_2fa
485,Arie Soos-Lorreijn,vde-gruijter,2001-03-18,lamberstycho@royal.com,9kcD_c!by29%
486,Saar Dijkstra,minerjulia,1974-03-17,lizevan-voorst@gmail.com,@23SRGOdo7^g
487,Lucy Kof,joosterhek,1958-10-08,bryan29@hotmail.com,!Jpx4)8asDX7
488,Amira Pratt,hoesamir,1998-09-24,kvan-voorst@hotmail.com,*%Kc5FNz6N*n
489,Mathijs Corstiaens,van-den-berggijs,1957-11-30,ayoubvan-amstel@godfrey.biz,f1!PfF*V%(D%
490,Carlijn Poncelet-Claassen,volthof,1978-03-13,simonsrafael@koninklijke.com,2@KDpwLeW&2T
491,Sjoerd van Este,michelle66,1977-10-15,danielwilcken@hotmail.com,dH#yHJAeV@8$
492,Alexander Roodesteijn,catharinadoesburg,1967-07-25,tirielorenzo@hotmail.com,0+XKVZWztj1O
493,Merle Hermans-van Beaumont,gsmits,1990-07-25,jgnodde@gmail.com,*B50B1gpb4Vt
494,Elif van Dokkum,ayoubmiltenburg,1998-10-23,van-den-berghtyler@hotmail.com,%+b#lY*u#1Cn
495,Suus Jonker-Heerkens,van-ghoerlevictoria,1990-11-30,sofia80@van.com,%LrEEufK8K!0
496,Kaylee Gellemeyer,miloulijn,1982-09-01,stangeemma@yahoo.com,@bVkFJsqfH1b
497,Eva Hendriks,rosa19,1953-04-30,willemsthijmen@gmail.com,198dUCh*uU*a
498,Tijs van Bovenen,mette96,1993-12-11,julietteroukes@hotmail.com,0+I+DG+v&oY8
499,Hugo van der Laar-de Werd,fabiennebrizee,2004-02-09,lukasde-roos@yahoo.com,UJt#A3nVh8Oh
500,Catharina Osterhoudt,willemle-gulcher,1999-01-11,johannes30@koninklijke.com,&wt8A_Y*B529
