:START_ID(Customer),:END_ID(Snack),reviewId,:TYPE
23,55,1,REVIEWED
155,112,2,REVIEWED
48,87,3,REVIEWED
197,168,4,REVIEWED
93,109,5,REVIEWED
78,73,6,REVIEWED
160,100,7,REVIEWED
346,124,8,REVIEWED
18,67,9,REVIEWED
491,108,10,REVIEWED
92,42,11,REVIEWED
204,175,12,REVIEWED
265,28,13,REVIEWED
239,22,14,REVIEWED
178,176,15,REVIEWED
376,26,16,REVIEWED
336,104,17,REVIEWED
412,4,18,REVIEWED
83,82,19,REVIEWED
66,148,20,REVIEWED
260,99,21,REVIEWED
352,117,22,REVIEWED
6,125,23,REVIEWED
335,172,24,REVIEWED
206,109,25,REVIEWED
395,14,26,REVIEWED
156,109,27,REVIEWED
133,190,28,REVIEWED
325,30,29,REVIEWED
310,116,30,REVIEWED
258,96,31,REVIEWED
400,122,32,REVIEWED
365,86,33,REVIEWED
433,137,34,REVIEWED
498,94,35,REVIEWED
58,46,36,REVIEWED
218,137,37,REVIEWED
389,99,38,REVIEWED
446,173,39,REVIEWED
41,39,40,REVIEWED
4,87,41,REVIEWED
486,182,42,REVIEWED
303,67,43,REVIEWED
102,132,44,REVIEWED
417,158,45,REVIEWED
373,117,46,REVIEWED
223,13,47,REVIEWED
238,73,48,REVIEWED
21,32,49,REVIEWED
445,126,50,REVIEWED
236,94,51,REVIEWED
26,154,52,REVIEWED
352,95,53,REVIEWED
130,109,54,REVIEWED
173,173,55,REVIEWED
152,197,56,REVIEWED
420,7,57,REVIEWED
278,69,58,REVIEWED
92,76,59,REVIEWED
183,107,60,REVIEWED
9,115,61,REVIEWED
167,77,62,REVIEWED
326,10,63,REVIEWED
306,29,64,REVIEWED
183,188,65,REVIEWED
19,137,66,REVIEWED
379,102,67,REVIEWED
128,45,68,REVIEWED
44,137,69,REVIEWED
49,33,70,REVIEWED
373,38,71,REVIEWED
325,127,72,REVIEWED
221,71,73,REVIEWED
177,118,74,REVIEWED
353,159,75,REVIEWED
125,188,76,REVIEWED
421,135,77,REVIEWED
292,118,78,REVIEWED
21,20,79,REVIEWED
168,96,80,REVIEWED
20,38,81,REVIEWED
312,186,82,REVIEWED
327,26,83,REVIEWED
196,132,84,REVIEWED
372,21,85,REVIEWED
173,164,86,REVIEWED
384,78,87,REVIEWED
217,103,88,REVIEWED
12,48,89,REVIEWED
487,192,90,REVIEWED
132,185,91,REVIEWED
335,191,92,REVIEWED
453,21,93,REVIEWED
429,111,94,REVIEWED
495,30,95,REVIEWED
407,50,96,REVIEWED
293,67,97,REVIEWED
156,158,98,REVIEWED
264,139,99,REVIEWED
438,63,100,REVIEWED
356,13,101,REVIEWED
192,147,102,REVIEWED
243,56,103,REVIEWED
390,112,104,REVIEWED
141,192,105,REVIEWED
353,200,106,REVIEWED
96,71,107,REVIEWED
257,172,108,REVIEWED
24,155,109,REVIEWED
205,47,110,REVIEWED
348,73,111,REVIEWED
140,2,112,REVIEWED
209,54,113,REVIEWED
10,107,114,REVIEWED
337,34,115,REVIEWED
141,69,116,REVIEWED
237,154,117,REVIEWED
405,163,118,REVIEWED
163,25,119,REVIEWED
114,58,120,REVIEWED
10,182,121,REVIEWED
167,57,122,REVIEWED
33,157,123,REVIEWED
148,187,124,REVIEWED
365,156,125,REVIEWED
424,118,126,REVIEWED
302,108,127,REVIEWED
326,153,128,REVIEWED
169,139,129,REVIEWED
200,122,130,REVIEWED
477,143,131,REVIEWED
7,88,132,REVIEWED
175,82,133,REVIEWED
178,114,134,REVIEWED
78,119,135,REVIEWED
438,191,136,REVIEWED
256,54,137,REVIEWED
273,179,138,REVIEWED
88,173,139,REVIEWED
200,66,140,REVIEWED
207,9,141,REVIEWED
339,147,142,REVIEWED
496,21,143,REVIEWED
324,125,144,REVIEWED
288,89,145,REVIEWED
43,54,146,REVIEWED
383,136,147,REVIEWED
190,78,148,REVIEWED
150,193,149,REVIEWED
162,116,150,REVIEWED
346,120,151,REVIEWED
16,40,152,REVIEWED
320,150,153,REVIEWED
86,160,154,REVIEWED
181,145,155,REVIEWED
221,107,156,REVIEWED
392,6,157,REVIEWED
385,73,158,REVIEWED
285,191,159,REVIEWED
252,61,160,REVIEWED
193,138,161,REVIEWED
68,97,162,REVIEWED
311,32,163,REVIEWED
50,102,164,REVIEWED
112,55,165,REVIEWED
57,147,166,REVIEWED
149,46,167,REVIEWED
443,41,168,REVIEWED
393,200,169,REVIEWED
377,103,170,REVIEWED
282,105,171,REVIEWED
181,193,172,REVIEWED
112,108,173,REVIEWED
462,154,174,REVIEWED
143,82,175,REVIEWED
395,93,176,REVIEWED
323,28,177,REVIEWED
341,176,178,REVIEWED
492,163,179,REVIEWED
391,163,180,REVIEWED
163,129,181,REVIEWED
275,137,182,REVIEWED
201,58,183,REVIEWED
440,104,184,REVIEWED
254,194,185,REVIEWED
238,74,186,REVIEWED
423,116,187,REVIEWED
81,46,188,REVIEWED
205,74,189,REVIEWED
2,137,190,REVIEWED
425,86,191,REVIEWED
391,119,192,REVIEWED
336,45,193,REVIEWED
350,26,194,REVIEWED
197,149,195,REVIEWED
335,108,196,REVIEWED
499,108,197,REVIEWED
211,49,198,REVIEWED
326,8,199,REVIEWED
317,58,200,REVIEWED
71,157,201,REVIEWED
318,129,202,REVIEWED
42,154,203,REVIEWED
293,188,204,REVIEWED
210,6,205,REVIEWED
167,157,206,REVIEWED
128,43,207,REVIEWED
292,161,208,REVIEWED
242,176,209,REVIEWED
47,95,210,REVIEWED
12,191,211,REVIEWED
308,168,212,REVIEWED
200,142,213,REVIEWED
262,50,214,REVIEWED
436,42,215,REVIEWED
235,95,216,REVIEWED
371,62,217,REVIEWED
90,121,218,REVIEWED
480,183,219,REVIEWED
472,52,220,REVIEWED
166,34,221,REVIEWED
151,17,222,REVIEWED
458,8,223,REVIEWED
106,148,224,REVIEWED
237,118,225,REVIEWED
126,176,226,REVIEWED
309,114,227,REVIEWED
124,46,228,REVIEWED
499,119,229,REVIEWED
257,165,230,REVIEWED
57,155,231,REVIEWED
429,85,232,REVIEWED
447,41,233,REVIEWED
126,119,234,REVIEWED
370,18,235,REVIEWED
4,192,236,REVIEWED
17,175,237,REVIEWED
347,105,238,REVIEWED
444,134,239,REVIEWED
241,99,240,REVIEWED
37,107,241,REVIEWED
491,67,242,REVIEWED
453,184,243,REVIEWED
276,31,244,REVIEWED
367,199,245,REVIEWED
311,166,246,REVIEWED
274,183,247,REVIEWED
13,113,248,REVIEWED
247,186,249,REVIEWED
31,75,250,REVIEWED
416,102,251,REVIEWED
425,186,252,REVIEWED
394,11,253,REVIEWED
187,103,254,REVIEWED
367,131,255,REVIEWED
323,167,256,REVIEWED
226,110,257,REVIEWED
404,32,258,REVIEWED
54,38,259,REVIEWED
434,68,260,REVIEWED
389,149,261,REVIEWED
386,29,262,REVIEWED
370,44,263,REVIEWED
188,106,264,REVIEWED
337,87,265,REVIEWED
73,63,266,REVIEWED
408,124,267,REVIEWED
108,68,268,REVIEWED
50,85,269,REVIEWED
329,178,270,REVIEWED
38,118,271,REVIEWED
461,182,272,REVIEWED
252,193,273,REVIEWED
126,194,274,REVIEWED
134,88,275,REVIEWED
152,177,276,REVIEWED
228,85,277,REVIEWED
404,116,278,REVIEWED
359,67,279,REVIEWED
291,71,280,REVIEWED
305,10,281,REVIEWED
390,36,282,REVIEWED
76,134,283,REVIEWED
148,7,284,REVIEWED
114,95,285,REVIEWED
289,93,286,REVIEWED
366,75,287,REVIEWED
158,184,288,REVIEWED
82,146,289,REVIEWED
325,79,290,REVIEWED
244,183,291,REVIEWED
226,173,292,REVIEWED
151,40,293,REVIEWED
381,178,294,REVIEWED
66,38,295,REVIEWED
312,75,296,REVIEWED
440,99,297,REVIEWED
132,164,298,REVIEWED
117,8,299,REVIEWED
436,55,300,REVIEWED
299,78,301,REVIEWED
76,150,302,REVIEWED
7,67,303,REVIEWED
187,185,304,REVIEWED
261,191,305,REVIEWED
446,133,306,REVIEWED
208,123,307,REVIEWED
317,44,308,REVIEWED
498,89,309,REVIEWED
330,40,310,REVIEWED
301,129,311,REVIEWED
161,134,312,REVIEWED
192,97,313,REVIEWED
444,125,314,REVIEWED
332,44,315,REVIEWED
446,135,316,REVIEWED
247,45,317,REVIEWED
248,98,318,REVIEWED
8,172,319,REVIEWED
485,17,320,REVIEWED
176,58,321,REVIEWED
159,53,322,REVIEWED
115,39,323,REVIEWED
143,156,324,REVIEWED
399,187,325,REVIEWED
405,31,326,REVIEWED
333,51,327,REVIEWED
183,128,328,REVIEWED
236,146,329,REVIEWED
468,164,330,REVIEWED
465,4,331,REVIEWED
431,192,332,REVIEWED
434,135,333,REVIEWED
460,59,334,REVIEWED
380,52,335,REVIEWED
187,171,336,REVIEWED
17,103,337,REVIEWED
321,26,338,REVIEWED
488,85,339,REVIEWED
260,18,340,REVIEWED
139,142,341,REVIEWED
493,137,342,REVIEWED
434,190,343,REVIEWED
276,21,344,REVIEWED
497,15,345,REVIEWED
229,146,346,REVIEWED
268,64,347,REVIEWED
126,66,348,REVIEWED
409,190,349,REVIEWED
94,177,350,REVIEWED
480,167,351,REVIEWED
440,63,352,REVIEWED
117,177,353,REVIEWED
368,117,354,REVIEWED
91,11,355,REVIEWED
312,69,356,REVIEWED
283,72,357,REVIEWED
47,191,358,REVIEWED
98,188,359,REVIEWED
426,17,360,REVIEWED
464,34,361,REVIEWED
268,78,362,REVIEWED
32,54,363,REVIEWED
117,63,364,REVIEWED
300,195,365,REVIEWED
298,123,366,REVIEWED
238,26,367,REVIEWED
275,14,368,REVIEWED
164,163,369,REVIEWED
38,51,370,REVIEWED
245,30,371,REVIEWED
227,22,372,REVIEWED
244,51,373,REVIEWED
52,139,374,REVIEWED
302,56,375,REVIEWED
307,125,376,REVIEWED
154,146,377,REVIEWED
5,149,378,REVIEWED
221,29,379,REVIEWED
369,114,380,REVIEWED
399,165,381,REVIEWED
100,151,382,REVIEWED
413,163,383,REVIEWED
315,194,384,REVIEWED
234,1,385,REVIEWED
129,194,386,REVIEWED
209,154,387,REVIEWED
139,127,388,REVIEWED
324,46,389,REVIEWED
169,130,390,REVIEWED
248,132,391,REVIEWED
146,166,392,REVIEWED
154,68,393,REVIEWED
445,137,394,REVIEWED
128,88,395,REVIEWED
141,174,396,REVIEWED
288,129,397,REVIEWED
159,161,398,REVIEWED
226,29,399,REVIEWED
388,47,400,REVIEWED
250,2,401,REVIEWED
164,131,402,REVIEWED
241,127,403,REVIEWED
84,46,404,REVIEWED
34,195,405,REVIEWED
222,173,406,REVIEWED
156,25,407,REVIEWED
474,114,408,REVIEWED
176,164,409,REVIEWED
352,138,410,REVIEWED
422,47,411,REVIEWED
100,200,412,REVIEWED
56,196,413,REVIEWED
119,55,414,REVIEWED
158,129,415,REVIEWED
157,82,416,REVIEWED
393,136,417,REVIEWED
242,27,418,REVIEWED
351,77,419,REVIEWED
475,157,420,REVIEWED
108,147,421,REVIEWED
345,40,422,REVIEWED
166,41,423,REVIEWED
99,197,424,REVIEWED
203,44,425,REVIEWED
437,41,426,REVIEWED
313,170,427,REVIEWED
81,84,428,REVIEWED
490,133,429,REVIEWED
243,168,430,REVIEWED
305,107,431,REVIEWED
400,186,432,REVIEWED
138,59,433,REVIEWED
478,68,434,REVIEWED
242,78,435,REVIEWED
190,38,436,REVIEWED
157,86,437,REVIEWED
373,91,438,REVIEWED
425,191,439,REVIEWED
162,116,440,REVIEWED
158,109,441,REVIEWED
289,101,442,REVIEWED
391,107,443,REVIEWED
3,196,444,REVIEWED
482,104,445,REVIEWED
29,105,446,REVIEWED
182,166,447,REVIEWED
413,36,448,REVIEWED
500,117,449,REVIEWED
393,71,450,REVIEWED
10,181,451,REVIEWED
104,54,452,REVIEWED
339,184,453,REVIEWED
132,76,454,REVIEWED
427,96,455,REVIEWED
13,83,456,REVIEWED
219,98,457,REVIEWED
167,143,458,REVIEWED
287,190,459,REVIEWED
103,56,460,REVIEWED
317,129,461,REVIEWED
226,71,462,REVIEWED
55,20,463,REVIEWED
125,42,464,REVIEWED
167,186,465,REVIEWED
246,185,466,REVIEWED
304,121,467,REVIEWED
488,12,468,REVIEWED
400,169,469,REVIEWED
200,177,470,REVIEWED
492,181,471,REVIEWED
250,64,472,REVIEWED
144,156,473,REVIEWED
301,97,474,REVIEWED
31,26,475,REVIEWED
29,164,476,REVIEWED
176,71,477,REVIEWED
276,95,478,REVIEWED
225,73,479,REVIEWED
57,121,480,REVIEWED
69,192,481,REVIEWED
38,84,482,REVIEWED
397,188,483,REVIEWED
212,39,484,REVIEWED
448,39,485,REVIEWED
302,77,486,REVIEWED
294,52,487,REVIEWED
288,23,488,REVIEWED
225,63,489,REVIEWED
168,147,490,REVIEWED
280,196,491,REVIEWED
339,67,492,REVIEWED
286,136,493,REVIEWED
419,75,494,REVIEWED
354,6,495,REVIEWED
72,198,496,REVIEWED
395,18,497,REVIEWED
446,180,498,REVIEWED
365,190,499,REVIEWED
161,93,500,REVIEWED
464,198,501,REVIEWED
229,192,502,REVIEWED
453,55,503,REVIEWED
95,83,504,REVIEWED
240,59,505,REVIEWED
236,93,506,REVIEWED
171,51,507,REVIEWED
347,181,508,REVIEWED
133,66,509,REVIEWED
310,192,510,REVIEWED
478,6,511,REVIEWED
72,31,512,REVIEWED
329,106,513,REVIEWED
219,102,514,REVIEWED
413,125,515,REVIEWED
409,13,516,REVIEWED
426,136,517,REVIEWED
31,132,518,REVIEWED
192,5,519,REVIEWED
290,112,520,REVIEWED
17,130,521,REVIEWED
448,84,522,REVIEWED
405,138,523,REVIEWED
252,73,524,REVIEWED
295,86,525,REVIEWED
325,18,526,REVIEWED
377,20,527,REVIEWED
290,24,528,REVIEWED
499,143,529,REVIEWED
400,29,530,REVIEWED
273,41,531,REVIEWED
409,132,532,REVIEWED
434,23,533,REVIEWED
294,120,534,REVIEWED
313,167,535,REVIEWED
98,193,536,REVIEWED
38,197,537,REVIEWED
351,111,538,REVIEWED
419,71,539,REVIEWED
239,116,540,REVIEWED
456,190,541,REVIEWED
78,167,542,REVIEWED
170,19,543,REVIEWED
94,166,544,REVIEWED
295,87,545,REVIEWED
233,136,546,REVIEWED
400,178,547,REVIEWED
379,111,548,REVIEWED
456,6,549,REVIEWED
206,148,550,REVIEWED
151,2,551,REVIEWED
320,100,552,REVIEWED
10,3,553,REVIEWED
116,83,554,REVIEWED
219,39,555,REVIEWED
133,58,556,REVIEWED
300,173,557,REVIEWED
394,84,558,REVIEWED
273,118,559,REVIEWED
335,171,560,REVIEWED
103,198,561,REVIEWED
421,148,562,REVIEWED
474,91,563,REVIEWED
458,184,564,REVIEWED
445,148,565,REVIEWED
79,49,566,REVIEWED
396,38,567,REVIEWED
106,79,568,REVIEWED
93,26,569,REVIEWED
14,137,570,REVIEWED
309,11,571,REVIEWED
400,33,572,REVIEWED
277,90,573,REVIEWED
489,18,574,REVIEWED
168,81,575,REVIEWED
476,59,576,REVIEWED
337,54,577,REVIEWED
104,78,578,REVIEWED
84,109,579,REVIEWED
139,60,580,REVIEWED
480,56,581,REVIEWED
396,91,582,REVIEWED
14,36,583,REVIEWED
450,113,584,REVIEWED
64,97,585,REVIEWED
14,114,586,REVIEWED
445,191,587,REVIEWED
438,190,588,REVIEWED
107,98,589,REVIEWED
26,115,590,REVIEWED
225,103,591,REVIEWED
102,53,592,REVIEWED
395,98,593,REVIEWED
303,32,594,REVIEWED
48,45,595,REVIEWED
260,149,596,REVIEWED
371,133,597,REVIEWED
63,42,598,REVIEWED
388,54,599,REVIEWED
62,126,600,REVIEWED
380,155,601,REVIEWED
184,192,602,REVIEWED
163,107,603,REVIEWED
98,54,604,REVIEWED
47,130,605,REVIEWED
185,123,606,REVIEWED
131,131,607,REVIEWED
58,117,608,REVIEWED
9,2,609,REVIEWED
195,108,610,REVIEWED
205,26,611,REVIEWED
182,93,612,REVIEWED
485,80,613,REVIEWED
429,17,614,REVIEWED
223,167,615,REVIEWED
154,59,616,REVIEWED
360,22,617,REVIEWED
334,165,618,REVIEWED
415,100,619,REVIEWED
449,121,620,REVIEWED
9,71,621,REVIEWED
374,166,622,REVIEWED
460,83,623,REVIEWED
24,37,624,REVIEWED
434,64,625,REVIEWED
91,145,626,REVIEWED
5,33,627,REVIEWED
266,40,628,REVIEWED
72,178,629,REVIEWED
241,196,630,REVIEWED
20,16,631,REVIEWED
306,54,632,REVIEWED
444,190,633,REVIEWED
339,76,634,REVIEWED
191,159,635,REVIEWED
213,41,636,REVIEWED
215,45,637,REVIEWED
90,133,638,REVIEWED
495,39,639,REVIEWED
380,172,640,REVIEWED
93,94,641,REVIEWED
451,29,642,REVIEWED
403,42,643,REVIEWED
16,128,644,REVIEWED
105,79,645,REVIEWED
207,161,646,REVIEWED
192,68,647,REVIEWED
319,83,648,REVIEWED
15,7,649,REVIEWED
170,8,650,REVIEWED
456,121,651,REVIEWED
18,189,652,REVIEWED
447,37,653,REVIEWED
468,105,654,REVIEWED
24,139,655,REVIEWED
194,196,656,REVIEWED
307,185,657,REVIEWED
269,44,658,REVIEWED
81,26,659,REVIEWED
8,90,660,REVIEWED
460,58,661,REVIEWED
48,108,662,REVIEWED
34,29,663,REVIEWED
496,122,664,REVIEWED
238,107,665,REVIEWED
439,138,666,REVIEWED
226,35,667,REVIEWED
439,155,668,REVIEWED
415,164,669,REVIEWED
1,80,670,REVIEWED
244,121,671,REVIEWED
461,66,672,REVIEWED
66,83,673,REVIEWED
337,139,674,REVIEWED
188,158,675,REVIEWED
343,184,676,REVIEWED
50,123,677,REVIEWED
253,192,678,REVIEWED
426,147,679,REVIEWED
101,33,680,REVIEWED
113,132,681,REVIEWED
67,37,682,REVIEWED
116,169,683,REVIEWED
43,191,684,REVIEWED
49,184,685,REVIEWED
207,73,686,REVIEWED
455,158,687,REVIEWED
54,64,688,REVIEWED
116,65,689,REVIEWED
95,187,690,REVIEWED
338,78,691,REVIEWED
169,182,692,REVIEWED
499,119,693,REVIEWED
343,152,694,REVIEWED
267,133,695,REVIEWED
296,69,696,REVIEWED
390,34,697,REVIEWED
168,109,698,REVIEWED
192,170,699,REVIEWED
75,149,700,REVIEWED
378,9,701,REVIEWED
383,99,702,REVIEWED
324,13,703,REVIEWED
407,51,704,REVIEWED
94,4,705,REVIEWED
74,163,706,REVIEWED
18,61,707,REVIEWED
83,102,708,REVIEWED
166,3,709,REVIEWED
293,124,710,REVIEWED
248,89,711,REVIEWED
97,161,712,REVIEWED
446,148,713,REVIEWED
208,116,714,REVIEWED
110,117,715,REVIEWED
319,68,716,REVIEWED
280,113,717,REVIEWED
61,191,718,REVIEWED
144,168,719,REVIEWED
394,132,720,REVIEWED
474,87,721,REVIEWED
173,48,722,REVIEWED
131,88,723,REVIEWED
414,125,724,REVIEWED
396,141,725,REVIEWED
234,170,726,REVIEWED
50,172,727,REVIEWED
439,88,728,REVIEWED
391,133,729,REVIEWED
135,17,730,REVIEWED
401,94,731,REVIEWED
219,165,732,REVIEWED
14,140,733,REVIEWED
65,25,734,REVIEWED
117,118,735,REVIEWED
425,29,736,REVIEWED
62,141,737,REVIEWED
365,76,738,REVIEWED
65,89,739,REVIEWED
158,116,740,REVIEWED
224,142,741,REVIEWED
482,22,742,REVIEWED
495,130,743,REVIEWED
94,102,744,REVIEWED
420,131,745,REVIEWED
100,37,746,REVIEWED
431,175,747,REVIEWED
114,199,748,REVIEWED
9,51,749,REVIEWED
376,191,750,REVIEWED
182,135,751,REVIEWED
308,200,752,REVIEWED
78,145,753,REVIEWED
441,136,754,REVIEWED
269,13,755,REVIEWED
410,137,756,REVIEWED
186,139,757,REVIEWED
118,178,758,REVIEWED
485,136,759,REVIEWED
86,96,760,REVIEWED
82,26,761,REVIEWED
349,43,762,REVIEWED
326,163,763,REVIEWED
440,159,764,REVIEWED
116,193,765,REVIEWED
367,39,766,REVIEWED
277,157,767,REVIEWED
218,52,768,REVIEWED
143,13,769,REVIEWED
492,103,770,REVIEWED
152,100,771,REVIEWED
462,134,772,REVIEWED
498,108,773,REVIEWED
458,122,774,REVIEWED
240,83,775,REVIEWED
70,185,776,REVIEWED
481,77,777,REVIEWED
1,20,778,REVIEWED
129,182,779,REVIEWED
285,172,780,REVIEWED
160,54,781,REVIEWED
473,188,782,REVIEWED
314,153,783,REVIEWED
492,18,784,REVIEWED
31,194,785,REVIEWED
211,36,786,REVIEWED
74,124,787,REVIEWED
422,42,788,REVIEWED
392,63,789,REVIEWED
201,41,790,REVIEWED
331,108,791,REVIEWED
201,152,792,REVIEWED
100,64,793,REVIEWED
428,90,794,REVIEWED
37,58,795,REVIEWED
494,71,796,REVIEWED
72,103,797,REVIEWED
64,186,798,REVIEWED
379,150,799,REVIEWED
484,173,800,REVIEWED
78,53,801,REVIEWED
228,37,802,REVIEWED
345,71,803,REVIEWED
390,84,804,REVIEWED
6,164,805,REVIEWED
61,134,806,REVIEWED
160,135,807,REVIEWED
53,198,808,REVIEWED
322,154,809,REVIEWED
242,60,810,REVIEWED
339,113,811,REVIEWED
153,32,812,REVIEWED
278,191,813,REVIEWED
313,117,814,REVIEWED
79,19,815,REVIEWED
451,194,816,REVIEWED
467,185,817,REVIEWED
175,70,818,REVIEWED
487,11,819,REVIEWED
196,66,820,REVIEWED
58,161,821,REVIEWED
239,110,822,REVIEWED
300,44,823,REVIEWED
449,182,824,REVIEWED
355,125,825,REVIEWED
389,75,826,REVIEWED
116,134,827,REVIEWED
53,23,828,REVIEWED
375,155,829,REVIEWED
492,154,830,REVIEWED
443,93,831,REVIEWED
124,171,832,REVIEWED
254,180,833,REVIEWED
494,111,834,REVIEWED
216,15,835,REVIEWED
327,27,836,REVIEWED
443,198,837,REVIEWED
144,186,838,REVIEWED
376,71,839,REVIEWED
464,65,840,REVIEWED
328,131,841,REVIEWED
169,108,842,REVIEWED
342,65,843,REVIEWED
183,22,844,REVIEWED
7,26,845,REVIEWED
366,125,846,REVIEWED
125,150,847,REVIEWED
254,57,848,REVIEWED
303,112,849,REVIEWED
341,69,850,REVIEWED
54,200,851,REVIEWED
424,182,852,REVIEWED
250,144,853,REVIEWED
311,145,854,REVIEWED
193,156,855,REVIEWED
266,171,856,REVIEWED
196,11,857,REVIEWED
309,28,858,REVIEWED
303,165,859,REVIEWED
489,26,860,REVIEWED
295,25,861,REVIEWED
61,196,862,REVIEWED
123,93,863,REVIEWED
298,173,864,REVIEWED
364,155,865,REVIEWED
216,101,866,REVIEWED
368,191,867,REVIEWED
21,89,868,REVIEWED
332,113,869,REVIEWED
437,118,870,REVIEWED
294,134,871,REVIEWED
20,103,872,REVIEWED
417,161,873,REVIEWED
382,200,874,REVIEWED
222,172,875,REVIEWED
465,7,876,REVIEWED
111,146,877,REVIEWED
93,7,878,REVIEWED
323,85,879,REVIEWED
51,75,880,REVIEWED
472,106,881,REVIEWED
411,8,882,REVIEWED
374,117,883,REVIEWED
435,65,884,REVIEWED
184,175,885,REVIEWED
177,91,886,REVIEWED
499,64,887,REVIEWED
142,115,888,REVIEWED
402,13,889,REVIEWED
167,118,890,REVIEWED
358,163,891,REVIEWED
135,197,892,REVIEWED
407,42,893,REVIEWED
108,143,894,REVIEWED
395,141,895,REVIEWED
332,83,896,REVIEWED
380,103,897,REVIEWED
386,90,898,REVIEWED
400,45,899,REVIEWED
433,128,900,REVIEWED
439,23,901,REVIEWED
171,91,902,REVIEWED
316,138,903,REVIEWED
379,59,904,REVIEWED
163,79,905,REVIEWED
52,185,906,REVIEWED
47,164,907,REVIEWED
208,81,908,REVIEWED
319,128,909,REVIEWED
328,48,910,REVIEWED
388,98,911,REVIEWED
104,68,912,REVIEWED
439,182,913,REVIEWED
249,90,914,REVIEWED
173,113,915,REVIEWED
459,93,916,REVIEWED
387,41,917,REVIEWED
492,44,918,REVIEWED
166,5,919,REVIEWED
58,49,920,REVIEWED
298,80,921,REVIEWED
466,130,922,REVIEWED
359,165,923,REVIEWED
287,76,924,REVIEWED
388,144,925,REVIEWED
276,46,926,REVIEWED
204,159,927,REVIEWED
357,20,928,REVIEWED
102,24,929,REVIEWED
47,183,930,REVIEWED
307,170,931,REVIEWED
208,68,932,REVIEWED
75,184,933,REVIEWED
175,137,934,REVIEWED
182,102,935,REVIEWED
69,99,936,REVIEWED
54,189,937,REVIEWED
418,76,938,REVIEWED
315,146,939,REVIEWED
498,22,940,REVIEWED
166,58,941,REVIEWED
227,11,942,REVIEWED
126,141,943,REVIEWED
80,171,944,REVIEWED
141,7,945,REVIEWED
254,58,946,REVIEWED
427,178,947,REVIEWED
113,63,948,REVIEWED
449,58,949,REVIEWED
226,166,950,REVIEWED
416,56,951,REVIEWED
75,4,952,REVIEWED
152,63,953,REVIEWED
494,6,954,REVIEWED
440,157,955,REVIEWED
248,113,956,REVIEWED
213,143,957,REVIEWED
283,146,958,REVIEWED
99,106,959,REVIEWED
96,133,960,REVIEWED
298,103,961,REVIEWED
322,148,962,REVIEWED
455,100,963,REVIEWED
383,67,964,REVIEWED
362,94,965,REVIEWED
412,68,966,REVIEWED
221,95,967,REVIEWED
187,61,968,REVIEWED
164,139,969,REVIEWED
183,20,970,REVIEWED
491,178,971,REVIEWED
69,83,972,REVIEWED
441,180,973,REVIEWED
127,138,974,REVIEWED
297,33,975,REVIEWED
50,130,976,REVIEWED
363,122,977,REVIEWED
275,81,978,REVIEWED
54,155,979,REVIEWED
117,185,980,REVIEWED
179,184,981,REVIEWED
360,166,982,REVIEWED
500,142,983,REVIEWED
421,58,984,REVIEWED
239,69,985,REVIEWED
295,14,986,REVIEWED
236,159,987,REVIEWED
225,128,988,REVIEWED
303,112,989,REVIEWED
34,44,990,REVIEWED
12,144,991,REVIEWED
230,144,992,REVIEWED
333,15,993,REVIEWED
459,89,994,REVIEWED
245,181,995,REVIEWED
76,17,996,REVIEWED
350,91,997,REVIEWED
34,185,998,REVIEWED
142,146,999,REVIEWED
130,187,1000,REVIEWED
15,183,1001,REVIEWED
307,126,1002,REVIEWED
221,181,1003,REVIEWED
392,35,1004,REVIEWED
203,56,1005,REVIEWED
339,116,1006,REVIEWED
159,138,1007,REVIEWED
357,173,1008,REVIEWED
156,85,1009,REVIEWED
120,146,1010,REVIEWED
409,131,1011,REVIEWED
485,105,1012,REVIEWED
74,197,1013,REVIEWED
277,175,1014,REVIEWED
301,81,1015,REVIEWED
442,2,1016,REVIEWED
498,157,1017,REVIEWED
28,183,1018,REVIEWED
387,92,1019,REVIEWED
301,31,1020,REVIEWED
397,19,1021,REVIEWED
315,17,1022,REVIEWED
272,106,1023,REVIEWED
374,42,1024,REVIEWED
376,50,1025,REVIEWED
128,154,1026,REVIEWED
397,195,1027,REVIEWED
92,47,1028,REVIEWED
16,167,1029,REVIEWED
476,127,1030,REVIEWED
374,31,1031,REVIEWED
170,23,1032,REVIEWED
49,104,1033,REVIEWED
294,180,1034,REVIEWED
486,176,1035,REVIEWED
199,105,1036,REVIEWED
196,179,1037,REVIEWED
243,36,1038,REVIEWED
434,88,1039,REVIEWED
94,25,1040,REVIEWED
160,91,1041,REVIEWED
91,182,1042,REVIEWED
221,65,1043,REVIEWED
256,24,1044,REVIEWED
95,67,1045,REVIEWED
206,52,1046,REVIEWED
117,90,1047,REVIEWED
332,163,1048,REVIEWED
42,87,1049,REVIEWED
232,193,1050,REVIEWED
49,135,1051,REVIEWED
132,6,1052,REVIEWED
451,156,1053,REVIEWED
32,143,1054,REVIEWED
31,175,1055,REVIEWED
192,25,1056,REVIEWED
87,1,1057,REVIEWED
494,136,1058,REVIEWED
7,2,1059,REVIEWED
168,99,1060,REVIEWED
157,8,1061,REVIEWED
410,146,1062,REVIEWED
289,96,1063,REVIEWED
440,18,1064,REVIEWED
490,45,1065,REVIEWED
97,163,1066,REVIEWED
318,128,1067,REVIEWED
94,138,1068,REVIEWED
112,89,1069,REVIEWED
50,175,1070,REVIEWED
468,40,1071,REVIEWED
308,96,1072,REVIEWED
294,46,1073,REVIEWED
457,113,1074,REVIEWED
362,198,1075,REVIEWED
91,130,1076,REVIEWED
77,114,1077,REVIEWED
16,160,1078,REVIEWED
20,138,1079,REVIEWED
455,31,1080,REVIEWED
414,80,1081,REVIEWED
479,75,1082,REVIEWED
56,90,1083,REVIEWED
350,47,1084,REVIEWED
303,133,1085,REVIEWED
86,26,1086,REVIEWED
255,50,1087,REVIEWED
309,40,1088,REVIEWED
314,87,1089,REVIEWED
481,117,1090,REVIEWED
476,169,1091,REVIEWED
281,100,1092,REVIEWED
402,115,1093,REVIEWED
484,30,1094,REVIEWED
343,142,1095,REVIEWED
34,87,1096,REVIEWED
127,94,1097,REVIEWED
73,62,1098,REVIEWED
492,126,1099,REVIEWED
97,104,1100,REVIEWED
22,92,1101,REVIEWED
31,123,1102,REVIEWED
416,169,1103,REVIEWED
363,194,1104,REVIEWED
430,152,1105,REVIEWED
51,134,1106,REVIEWED
47,170,1107,REVIEWED
336,83,1108,REVIEWED
467,135,1109,REVIEWED
289,148,1110,REVIEWED
360,137,1111,REVIEWED
268,101,1112,REVIEWED
388,140,1113,REVIEWED
330,52,1114,REVIEWED
145,83,1115,REVIEWED
70,115,1116,REVIEWED
391,51,1117,REVIEWED
150,161,1118,REVIEWED
219,104,1119,REVIEWED
223,97,1120,REVIEWED
43,126,1121,REVIEWED
13,126,1122,REVIEWED
54,83,1123,REVIEWED
288,124,1124,REVIEWED
313,100,1125,REVIEWED
157,128,1126,REVIEWED
403,198,1127,REVIEWED
148,198,1128,REVIEWED
351,179,1129,REVIEWED
29,136,1130,REVIEWED
426,11,1131,REVIEWED
97,23,1132,REVIEWED
158,151,1133,REVIEWED
383,147,1134,REVIEWED
278,45,1135,REVIEWED
329,81,1136,REVIEWED
379,13,1137,REVIEWED
274,8,1138,REVIEWED
25,78,1139,REVIEWED
198,49,1140,REVIEWED
181,138,1141,REVIEWED
27,176,1142,REVIEWED
448,112,1143,REVIEWED
379,131,1144,REVIEWED
269,46,1145,REVIEWED
261,95,1146,REVIEWED
349,179,1147,REVIEWED
23,55,1148,REVIEWED
51,118,1149,REVIEWED
487,48,1150,REVIEWED
457,57,1151,REVIEWED
365,82,1152,REVIEWED
38,183,1153,REVIEWED
105,127,1154,REVIEWED
106,147,1155,REVIEWED
328,157,1156,REVIEWED
8,12,1157,REVIEWED
473,98,1158,REVIEWED
106,177,1159,REVIEWED
60,75,1160,REVIEWED
3,62,1161,REVIEWED
338,85,1162,REVIEWED
91,100,1163,REVIEWED
424,59,1164,REVIEWED
191,103,1165,REVIEWED
23,40,1166,REVIEWED
73,154,1167,REVIEWED
127,160,1168,REVIEWED
343,67,1169,REVIEWED
452,109,1170,REVIEWED
349,147,1171,REVIEWED
364,161,1172,REVIEWED
159,53,1173,REVIEWED
482,168,1174,REVIEWED
378,70,1175,REVIEWED
210,177,1176,REVIEWED
6,107,1177,REVIEWED
422,106,1178,REVIEWED
194,72,1179,REVIEWED
432,49,1180,REVIEWED
419,200,1181,REVIEWED
250,65,1182,REVIEWED
308,3,1183,REVIEWED
321,178,1184,REVIEWED
203,11,1185,REVIEWED
357,197,1186,REVIEWED
230,33,1187,REVIEWED
340,177,1188,REVIEWED
115,19,1189,REVIEWED
327,30,1190,REVIEWED
60,41,1191,REVIEWED
462,126,1192,REVIEWED
35,47,1193,REVIEWED
275,84,1194,REVIEWED
86,190,1195,REVIEWED
132,175,1196,REVIEWED
367,178,1197,REVIEWED
204,73,1198,REVIEWED
275,74,1199,REVIEWED
146,146,1200,REVIEWED
134,28,1201,REVIEWED
390,31,1202,REVIEWED
203,52,1203,REVIEWED
487,23,1204,REVIEWED
285,128,1205,REVIEWED
103,33,1206,REVIEWED
266,10,1207,REVIEWED
241,123,1208,REVIEWED
56,29,1209,REVIEWED
118,10,1210,REVIEWED
427,100,1211,REVIEWED
95,22,1212,REVIEWED
391,178,1213,REVIEWED
413,18,1214,REVIEWED
124,112,1215,REVIEWED
316,95,1216,REVIEWED
225,190,1217,REVIEWED
74,114,1218,REVIEWED
306,197,1219,REVIEWED
22,170,1220,REVIEWED
479,129,1221,REVIEWED
393,49,1222,REVIEWED
394,54,1223,REVIEWED
372,82,1224,REVIEWED
23,146,1225,REVIEWED
8,40,1226,REVIEWED
175,65,1227,REVIEWED
472,45,1228,REVIEWED
180,119,1229,REVIEWED
103,165,1230,REVIEWED
29,101,1231,REVIEWED
195,40,1232,REVIEWED
485,75,1233,REVIEWED
259,17,1234,REVIEWED
116,48,1235,REVIEWED
322,50,1236,REVIEWED
172,169,1237,REVIEWED
370,113,1238,REVIEWED
13,113,1239,REVIEWED
36,63,1240,REVIEWED
309,136,1241,REVIEWED
148,143,1242,REVIEWED
83,37,1243,REVIEWED
281,82,1244,REVIEWED
30,29,1245,REVIEWED
351,17,1246,REVIEWED
210,133,1247,REVIEWED
274,5,1248,REVIEWED
317,185,1249,REVIEWED
87,186,1250,REVIEWED
478,83,1251,REVIEWED
190,10,1252,REVIEWED
74,27,1253,REVIEWED
351,60,1254,REVIEWED
4,98,1255,REVIEWED
2,145,1256,REVIEWED
30,100,1257,REVIEWED
394,146,1258,REVIEWED
62,58,1259,REVIEWED
391,161,1260,REVIEWED
19,145,1261,REVIEWED
280,19,1262,REVIEWED
11,167,1263,REVIEWED
422,122,1264,REVIEWED
480,147,1265,REVIEWED
331,99,1266,REVIEWED
145,176,1267,REVIEWED
316,100,1268,REVIEWED
231,192,1269,REVIEWED
122,175,1270,REVIEWED
252,157,1271,REVIEWED
129,89,1272,REVIEWED
326,117,1273,REVIEWED
246,40,1274,REVIEWED
233,138,1275,REVIEWED
451,93,1276,REVIEWED
115,37,1277,REVIEWED
147,164,1278,REVIEWED
375,45,1279,REVIEWED
494,100,1280,REVIEWED
132,42,1281,REVIEWED
189,190,1282,REVIEWED
11,111,1283,REVIEWED
413,77,1284,REVIEWED
74,11,1285,REVIEWED
236,106,1286,REVIEWED
364,139,1287,REVIEWED
437,59,1288,REVIEWED
206,33,1289,REVIEWED
431,161,1290,REVIEWED
181,54,1291,REVIEWED
483,104,1292,REVIEWED
216,107,1293,REVIEWED
236,188,1294,REVIEWED
232,114,1295,REVIEWED
488,100,1296,REVIEWED
238,94,1297,REVIEWED
173,84,1298,REVIEWED
341,103,1299,REVIEWED
69,186,1300,REVIEWED
272,53,1301,REVIEWED
126,56,1302,REVIEWED
365,49,1303,REVIEWED
292,50,1304,REVIEWED
486,187,1305,REVIEWED
338,159,1306,REVIEWED
187,119,1307,REVIEWED
281,196,1308,REVIEWED
406,105,1309,REVIEWED
192,165,1310,REVIEWED
158,55,1311,REVIEWED
202,37,1312,REVIEWED
241,28,1313,REVIEWED
278,167,1314,REVIEWED
232,77,1315,REVIEWED
464,199,1316,REVIEWED
446,160,1317,REVIEWED
212,14,1318,REVIEWED
103,56,1319,REVIEWED
173,142,1320,REVIEWED
456,41,1321,REVIEWED
338,99,1322,REVIEWED
480,133,1323,REVIEWED
222,47,1324,REVIEWED
483,114,1325,REVIEWED
13,178,1326,REVIEWED
106,99,1327,REVIEWED
291,171,1328,REVIEWED
89,70,1329,REVIEWED
382,175,1330,REVIEWED
289,197,1331,REVIEWED
80,165,1332,REVIEWED
206,148,1333,REVIEWED
401,51,1334,REVIEWED
78,106,1335,REVIEWED
163,120,1336,REVIEWED
126,190,1337,REVIEWED
67,196,1338,REVIEWED
477,125,1339,REVIEWED
162,157,1340,REVIEWED
478,196,1341,REVIEWED
314,136,1342,REVIEWED
377,161,1343,REVIEWED
449,10,1344,REVIEWED
347,25,1345,REVIEWED
403,17,1346,REVIEWED
44,6,1347,REVIEWED
5,14,1348,REVIEWED
170,24,1349,REVIEWED
161,92,1350,REVIEWED
104,191,1351,REVIEWED
78,55,1352,REVIEWED
158,17,1353,REVIEWED
186,160,1354,REVIEWED
466,81,1355,REVIEWED
299,115,1356,REVIEWED
244,87,1357,REVIEWED
361,45,1358,REVIEWED
149,78,1359,REVIEWED
52,144,1360,REVIEWED
82,39,1361,REVIEWED
84,107,1362,REVIEWED
61,137,1363,REVIEWED
467,159,1364,REVIEWED
210,41,1365,REVIEWED
288,142,1366,REVIEWED
322,121,1367,REVIEWED
359,72,1368,REVIEWED
354,64,1369,REVIEWED
500,30,1370,REVIEWED
340,38,1371,REVIEWED
466,114,1372,REVIEWED
50,194,1373,REVIEWED
21,35,1374,REVIEWED
451,98,1375,REVIEWED
243,98,1376,REVIEWED
245,44,1377,REVIEWED
393,6,1378,REVIEWED
301,177,1379,REVIEWED
419,93,1380,REVIEWED
477,113,1381,REVIEWED
300,147,1382,REVIEWED
94,115,1383,REVIEWED
458,6,1384,REVIEWED
497,126,1385,REVIEWED
485,172,1386,REVIEWED
291,89,1387,REVIEWED
454,87,1388,REVIEWED
44,95,1389,REVIEWED
36,46,1390,REVIEWED
70,160,1391,REVIEWED
154,174,1392,REVIEWED
202,39,1393,REVIEWED
57,172,1394,REVIEWED
101,163,1395,REVIEWED
165,75,1396,REVIEWED
365,22,1397,REVIEWED
182,155,1398,REVIEWED
410,127,1399,REVIEWED
9,160,1400,REVIEWED
457,152,1401,REVIEWED
214,44,1402,REVIEWED
187,65,1403,REVIEWED
99,132,1404,REVIEWED
144,134,1405,REVIEWED
463,7,1406,REVIEWED
251,82,1407,REVIEWED
464,43,1408,REVIEWED
27,167,1409,REVIEWED
123,180,1410,REVIEWED
157,68,1411,REVIEWED
230,111,1412,REVIEWED
173,11,1413,REVIEWED
140,192,1414,REVIEWED
389,169,1415,REVIEWED
235,169,1416,REVIEWED
42,86,1417,REVIEWED
283,9,1418,REVIEWED
67,160,1419,REVIEWED
6,189,1420,REVIEWED
294,5,1421,REVIEWED
155,98,1422,REVIEWED
103,121,1423,REVIEWED
195,100,1424,REVIEWED
19,178,1425,REVIEWED
345,70,1426,REVIEWED
357,97,1427,REVIEWED
172,94,1428,REVIEWED
412,132,1429,REVIEWED
438,109,1430,REVIEWED
209,182,1431,REVIEWED
176,34,1432,REVIEWED
483,89,1433,REVIEWED
369,67,1434,REVIEWED
283,50,1435,REVIEWED
251,73,1436,REVIEWED
137,22,1437,REVIEWED
468,116,1438,REVIEWED
471,172,1439,REVIEWED
44,171,1440,REVIEWED
468,82,1441,REVIEWED
442,131,1442,REVIEWED
459,30,1443,REVIEWED
12,33,1444,REVIEWED
413,196,1445,REVIEWED
55,63,1446,REVIEWED
39,46,1447,REVIEWED
192,17,1448,REVIEWED
79,147,1449,REVIEWED
411,61,1450,REVIEWED
399,23,1451,REVIEWED
443,20,1452,REVIEWED
5,186,1453,REVIEWED
7,189,1454,REVIEWED
414,88,1455,REVIEWED
446,159,1456,REVIEWED
37,40,1457,REVIEWED
299,161,1458,REVIEWED
495,118,1459,REVIEWED
324,85,1460,REVIEWED
403,171,1461,REVIEWED
55,157,1462,REVIEWED
63,15,1463,REVIEWED
361,36,1464,REVIEWED
103,191,1465,REVIEWED
475,21,1466,REVIEWED
96,24,1467,REVIEWED
368,24,1468,REVIEWED
2,111,1469,REVIEWED
406,176,1470,REVIEWED
120,54,1471,REVIEWED
26,184,1472,REVIEWED
41,100,1473,REVIEWED
165,161,1474,REVIEWED
272,50,1475,REVIEWED
244,51,1476,REVIEWED
363,127,1477,REVIEWED
310,181,1478,REVIEWED
96,121,1479,REVIEWED
148,188,1480,REVIEWED
347,152,1481,REVIEWED
443,16,1482,REVIEWED
227,48,1483,REVIEWED
260,2,1484,REVIEWED
41,46,1485,REVIEWED
499,51,1486,REVIEWED
135,37,1487,REVIEWED
450,139,1488,REVIEWED
295,49,1489,REVIEWED
359,32,1490,REVIEWED
360,195,1491,REVIEWED
39,49,1492,REVIEWED
96,83,1493,REVIEWED
388,59,1494,REVIEWED
84,102,1495,REVIEWED
326,152,1496,REVIEWED
152,154,1497,REVIEWED
212,130,1498,REVIEWED
328,74,1499,REVIEWED
112,110,1500,REVIEWED
129,89,1501,REVIEWED
377,62,1502,REVIEWED
272,2,1503,REVIEWED
336,175,1504,REVIEWED
129,73,1505,REVIEWED
387,42,1506,REVIEWED
34,16,1507,REVIEWED
33,127,1508,REVIEWED
177,188,1509,REVIEWED
31,159,1510,REVIEWED
387,111,1511,REVIEWED
41,173,1512,REVIEWED
392,184,1513,REVIEWED
229,4,1514,REVIEWED
382,173,1515,REVIEWED
46,82,1516,REVIEWED
302,198,1517,REVIEWED
470,93,1518,REVIEWED
358,175,1519,REVIEWED
311,174,1520,REVIEWED
492,17,1521,REVIEWED
292,68,1522,REVIEWED
373,82,1523,REVIEWED
231,92,1524,REVIEWED
381,123,1525,REVIEWED
190,128,1526,REVIEWED
154,196,1527,REVIEWED
251,81,1528,REVIEWED
280,191,1529,REVIEWED
98,59,1530,REVIEWED
301,44,1531,REVIEWED
22,177,1532,REVIEWED
181,105,1533,REVIEWED
239,119,1534,REVIEWED
167,104,1535,REVIEWED
238,119,1536,REVIEWED
232,40,1537,REVIEWED
73,189,1538,REVIEWED
385,99,1539,REVIEWED
215,7,1540,REVIEWED
448,36,1541,REVIEWED
404,82,1542,REVIEWED
196,162,1543,REVIEWED
77,103,1544,REVIEWED
188,4,1545,REVIEWED
223,170,1546,REVIEWED
464,45,1547,REVIEWED
78,152,1548,REVIEWED
485,48,1549,REVIEWED
112,25,1550,REVIEWED
9,101,1551,REVIEWED
242,39,1552,REVIEWED
139,87,1553,REVIEWED
102,6,1554,REVIEWED
255,101,1555,REVIEWED
82,78,1556,REVIEWED
425,141,1557,REVIEWED
143,59,1558,REVIEWED
98,125,1559,REVIEWED
311,186,1560,REVIEWED
256,111,1561,REVIEWED
223,41,1562,REVIEWED
250,171,1563,REVIEWED
31,91,1564,REVIEWED
493,28,1565,REVIEWED
35,83,1566,REVIEWED
362,123,1567,REVIEWED
312,75,1568,REVIEWED
73,61,1569,REVIEWED
266,127,1570,REVIEWED
412,56,1571,REVIEWED
214,126,1572,REVIEWED
7,79,1573,REVIEWED
324,41,1574,REVIEWED
174,162,1575,REVIEWED
160,176,1576,REVIEWED
317,110,1577,REVIEWED
314,32,1578,REVIEWED
307,34,1579,REVIEWED
272,73,1580,REVIEWED
175,186,1581,REVIEWED
192,177,1582,REVIEWED
443,33,1583,REVIEWED
190,145,1584,REVIEWED
497,122,1585,REVIEWED
33,5,1586,REVIEWED
229,95,1587,REVIEWED
214,64,1588,REVIEWED
108,84,1589,REVIEWED
353,60,1590,REVIEWED
466,81,1591,REVIEWED
325,122,1592,REVIEWED
403,72,1593,REVIEWED
285,88,1594,REVIEWED
296,85,1595,REVIEWED
358,50,1596,REVIEWED
462,33,1597,REVIEWED
495,83,1598,REVIEWED
401,162,1599,REVIEWED
294,59,1600,REVIEWED
363,152,1601,REVIEWED
313,61,1602,REVIEWED
417,64,1603,REVIEWED
251,145,1604,REVIEWED
241,5,1605,REVIEWED
161,131,1606,REVIEWED
451,25,1607,REVIEWED
197,193,1608,REVIEWED
76,160,1609,REVIEWED
165,21,1610,REVIEWED
271,126,1611,REVIEWED
237,155,1612,REVIEWED
462,187,1613,REVIEWED
137,18,1614,REVIEWED
231,100,1615,REVIEWED
399,50,1616,REVIEWED
406,198,1617,REVIEWED
142,183,1618,REVIEWED
74,94,1619,REVIEWED
435,200,1620,REVIEWED
31,122,1621,REVIEWED
127,58,1622,REVIEWED
325,1,1623,REVIEWED
168,92,1624,REVIEWED
423,159,1625,REVIEWED
248,144,1626,REVIEWED
75,70,1627,REVIEWED
490,82,1628,REVIEWED
249,81,1629,REVIEWED
310,138,1630,REVIEWED
103,166,1631,REVIEWED
97,153,1632,REVIEWED
310,31,1633,REVIEWED
152,188,1634,REVIEWED
32,189,1635,REVIEWED
454,50,1636,REVIEWED
269,130,1637,REVIEWED
145,64,1638,REVIEWED
405,97,1639,REVIEWED
217,180,1640,REVIEWED
420,3,1641,REVIEWED
153,67,1642,REVIEWED
105,37,1643,REVIEWED
152,7,1644,REVIEWED
15,167,1645,REVIEWED
330,196,1646,REVIEWED
216,21,1647,REVIEWED
189,120,1648,REVIEWED
398,38,1649,REVIEWED
229,161,1650,REVIEWED
196,143,1651,REVIEWED
81,153,1652,REVIEWED
228,195,1653,REVIEWED
161,28,1654,REVIEWED
480,71,1655,REVIEWED
234,71,1656,REVIEWED
102,181,1657,REVIEWED
311,117,1658,REVIEWED
146,42,1659,REVIEWED
301,33,1660,REVIEWED
166,5,1661,REVIEWED
64,14,1662,REVIEWED
445,84,1663,REVIEWED
283,123,1664,REVIEWED
189,37,1665,REVIEWED
162,185,1666,REVIEWED
193,141,1667,REVIEWED
14,161,1668,REVIEWED
223,166,1669,REVIEWED
166,102,1670,REVIEWED
92,84,1671,REVIEWED
314,195,1672,REVIEWED
18,165,1673,REVIEWED
145,83,1674,REVIEWED
290,194,1675,REVIEWED
292,11,1676,REVIEWED
453,131,1677,REVIEWED
29,186,1678,REVIEWED
368,183,1679,REVIEWED
68,128,1680,REVIEWED
33,18,1681,REVIEWED
72,39,1682,REVIEWED
53,134,1683,REVIEWED
84,183,1684,REVIEWED
121,24,1685,REVIEWED
387,93,1686,REVIEWED
498,92,1687,REVIEWED
174,21,1688,REVIEWED
212,88,1689,REVIEWED
385,18,1690,REVIEWED
253,103,1691,REVIEWED
280,16,1692,REVIEWED
269,107,1693,REVIEWED
329,102,1694,REVIEWED
356,40,1695,REVIEWED
281,23,1696,REVIEWED
417,54,1697,REVIEWED
230,41,1698,REVIEWED
60,196,1699,REVIEWED
467,67,1700,REVIEWED
117,62,1701,REVIEWED
29,166,1702,REVIEWED
350,143,1703,REVIEWED
13,14,1704,REVIEWED
330,179,1705,REVIEWED
116,123,1706,REVIEWED
22,11,1707,REVIEWED
113,195,1708,REVIEWED
120,40,1709,REVIEWED
489,36,1710,REVIEWED
257,82,1711,REVIEWED
166,100,1712,REVIEWED
388,163,1713,REVIEWED
344,102,1714,REVIEWED
10,131,1715,REVIEWED
392,75,1716,REVIEWED
253,7,1717,REVIEWED
343,183,1718,REVIEWED
357,107,1719,REVIEWED
282,18,1720,REVIEWED
21,52,1721,REVIEWED
302,10,1722,REVIEWED
107,59,1723,REVIEWED
299,126,1724,REVIEWED
4,90,1725,REVIEWED
360,21,1726,REVIEWED
298,95,1727,REVIEWED
261,43,1728,REVIEWED
204,55,1729,REVIEWED
78,138,1730,REVIEWED
4,161,1731,REVIEWED
382,160,1732,REVIEWED
145,69,1733,REVIEWED
285,96,1734,REVIEWED
262,100,1735,REVIEWED
82,52,1736,REVIEWED
387,156,1737,REVIEWED
132,86,1738,REVIEWED
101,84,1739,REVIEWED
460,67,1740,REVIEWED
202,31,1741,REVIEWED
334,74,1742,REVIEWED
232,8,1743,REVIEWED
229,155,1744,REVIEWED
496,167,1745,REVIEWED
344,132,1746,REVIEWED
395,104,1747,REVIEWED
105,48,1748,REVIEWED
58,11,1749,REVIEWED
199,28,1750,REVIEWED
381,53,1751,REVIEWED
103,195,1752,REVIEWED
292,189,1753,REVIEWED
383,77,1754,REVIEWED
427,177,1755,REVIEWED
346,55,1756,REVIEWED
454,152,1757,REVIEWED
419,78,1758,REVIEWED
185,119,1759,REVIEWED
28,166,1760,REVIEWED
321,59,1761,REVIEWED
291,65,1762,REVIEWED
112,131,1763,REVIEWED
13,80,1764,REVIEWED
7,56,1765,REVIEWED
425,47,1766,REVIEWED
441,86,1767,REVIEWED
106,128,1768,REVIEWED
485,185,1769,REVIEWED
199,185,1770,REVIEWED
168,118,1771,REVIEWED
201,155,1772,REVIEWED
386,43,1773,REVIEWED
472,126,1774,REVIEWED
246,144,1775,REVIEWED
306,74,1776,REVIEWED
408,171,1777,REVIEWED
439,64,1778,REVIEWED
40,158,1779,REVIEWED
55,1,1780,REVIEWED
437,8,1781,REVIEWED
318,13,1782,REVIEWED
439,3,1783,REVIEWED
485,71,1784,REVIEWED
477,1,1785,REVIEWED
156,114,1786,REVIEWED
196,187,1787,REVIEWED
291,41,1788,REVIEWED
50,14,1789,REVIEWED
189,56,1790,REVIEWED
331,49,1791,REVIEWED
498,109,1792,REVIEWED
380,96,1793,REVIEWED
39,72,1794,REVIEWED
214,168,1795,REVIEWED
12,77,1796,REVIEWED
395,9,1797,REVIEWED
461,31,1798,REVIEWED
155,37,1799,REVIEWED
135,117,1800,REVIEWED
477,53,1801,REVIEWED
62,163,1802,REVIEWED
382,175,1803,REVIEWED
406,8,1804,REVIEWED
451,122,1805,REVIEWED
90,4,1806,REVIEWED
58,23,1807,REVIEWED
372,61,1808,REVIEWED
234,149,1809,REVIEWED
356,143,1810,REVIEWED
140,70,1811,REVIEWED
12,180,1812,REVIEWED
289,123,1813,REVIEWED
33,188,1814,REVIEWED
355,40,1815,REVIEWED
111,17,1816,REVIEWED
204,174,1817,REVIEWED
194,8,1818,REVIEWED
20,128,1819,REVIEWED
222,120,1820,REVIEWED
212,45,1821,REVIEWED
499,4,1822,REVIEWED
296,12,1823,REVIEWED
337,17,1824,REVIEWED
492,198,1825,REVIEWED
449,72,1826,REVIEWED
364,73,1827,REVIEWED
369,123,1828,REVIEWED
104,69,1829,REVIEWED
13,172,1830,REVIEWED
140,49,1831,REVIEWED
121,177,1832,REVIEWED
230,1,1833,REVIEWED
333,12,1834,REVIEWED
448,145,1835,REVIEWED
428,112,1836,REVIEWED
287,180,1837,REVIEWED
251,60,1838,REVIEWED
367,191,1839,REVIEWED
25,74,1840,REVIEWED
187,23,1841,REVIEWED
307,95,1842,REVIEWED
234,121,1843,REVIEWED
279,42,1844,REVIEWED
192,169,1845,REVIEWED
462,96,1846,REVIEWED
372,142,1847,REVIEWED
277,38,1848,REVIEWED
165,189,1849,REVIEWED
328,89,1850,REVIEWED
209,45,1851,REVIEWED
298,103,1852,REVIEWED
191,120,1853,REVIEWED
178,197,1854,REVIEWED
150,38,1855,REVIEWED
417,173,1856,REVIEWED
385,127,1857,REVIEWED
346,139,1858,REVIEWED
209,93,1859,REVIEWED
493,111,1860,REVIEWED
45,155,1861,REVIEWED
130,36,1862,REVIEWED
171,92,1863,REVIEWED
331,120,1864,REVIEWED
231,193,1865,REVIEWED
277,175,1866,REVIEWED
85,11,1867,REVIEWED
176,130,1868,REVIEWED
471,161,1869,REVIEWED
75,154,1870,REVIEWED
175,139,1871,REVIEWED
324,191,1872,REVIEWED
82,147,1873,REVIEWED
72,53,1874,REVIEWED
423,178,1875,REVIEWED
203,21,1876,REVIEWED
422,108,1877,REVIEWED
451,29,1878,REVIEWED
257,140,1879,REVIEWED
22,134,1880,REVIEWED
54,148,1881,REVIEWED
3,66,1882,REVIEWED
479,141,1883,REVIEWED
341,43,1884,REVIEWED
379,59,1885,REVIEWED
351,182,1886,REVIEWED
404,86,1887,REVIEWED
251,30,1888,REVIEWED
167,188,1889,REVIEWED
429,96,1890,REVIEWED
281,102,1891,REVIEWED
268,169,1892,REVIEWED
420,101,1893,REVIEWED
113,148,1894,REVIEWED
180,192,1895,REVIEWED
209,177,1896,REVIEWED
385,28,1897,REVIEWED
116,164,1898,REVIEWED
330,117,1899,REVIEWED
80,178,1900,REVIEWED
459,193,1901,REVIEWED
97,184,1902,REVIEWED
1,130,1903,REVIEWED
410,28,1904,REVIEWED
254,37,1905,REVIEWED
469,19,1906,REVIEWED
356,79,1907,REVIEWED
124,194,1908,REVIEWED
208,78,1909,REVIEWED
423,54,1910,REVIEWED
278,164,1911,REVIEWED
50,49,1912,REVIEWED
13,5,1913,REVIEWED
16,76,1914,REVIEWED
62,54,1915,REVIEWED
96,199,1916,REVIEWED
349,19,1917,REVIEWED
35,65,1918,REVIEWED
232,31,1919,REVIEWED
217,92,1920,REVIEWED
339,104,1921,REVIEWED
6,179,1922,REVIEWED
306,77,1923,REVIEWED
176,100,1924,REVIEWED
192,54,1925,REVIEWED
156,110,1926,REVIEWED
318,151,1927,REVIEWED
471,123,1928,REVIEWED
326,158,1929,REVIEWED
304,11,1930,REVIEWED
348,126,1931,REVIEWED
17,128,1932,REVIEWED
164,90,1933,REVIEWED
16,66,1934,REVIEWED
359,122,1935,REVIEWED
441,99,1936,REVIEWED
386,138,1937,REVIEWED
395,26,1938,REVIEWED
217,177,1939,REVIEWED
301,159,1940,REVIEWED
451,90,1941,REVIEWED
486,176,1942,REVIEWED
252,7,1943,REVIEWED
195,10,1944,REVIEWED
493,125,1945,REVIEWED
389,23,1946,REVIEWED
244,65,1947,REVIEWED
279,24,1948,REVIEWED
43,63,1949,REVIEWED
371,184,1950,REVIEWED
324,25,1951,REVIEWED
233,98,1952,REVIEWED
384,87,1953,REVIEWED
124,155,1954,REVIEWED
241,9,1955,REVIEWED
166,80,1956,REVIEWED
283,199,1957,REVIEWED
361,116,1958,REVIEWED
111,158,1959,REVIEWED
211,25,1960,REVIEWED
6,176,1961,REVIEWED
66,152,1962,REVIEWED
442,173,1963,REVIEWED
400,8,1964,REVIEWED
479,130,1965,REVIEWED
228,18,1966,REVIEWED
258,47,1967,REVIEWED
238,71,1968,REVIEWED
357,145,1969,REVIEWED
199,138,1970,REVIEWED
335,186,1971,REVIEWED
25,65,1972,REVIEWED
300,31,1973,REVIEWED
358,133,1974,REVIEWED
252,45,1975,REVIEWED
462,116,1976,REVIEWED
151,42,1977,REVIEWED
21,75,1978,REVIEWED
308,85,1979,REVIEWED
219,29,1980,REVIEWED
352,40,1981,REVIEWED
496,20,1982,REVIEWED
102,124,1983,REVIEWED
249,64,1984,REVIEWED
3,100,1985,REVIEWED
398,191,1986,REVIEWED
414,168,1987,REVIEWED
464,46,1988,REVIEWED
396,97,1989,REVIEWED
23,78,1990,REVIEWED
94,58,1991,REVIEWED
175,175,1992,REVIEWED
299,127,1993,REVIEWED
118,183,1994,REVIEWED
228,180,1995,REVIEWED
486,30,1996,REVIEWED
52,43,1997,REVIEWED
72,34,1998,REVIEWED
380,155,1999,REVIEWED
289,7,2000,REVIEWED
