mailId:ID(Mail),name,user,discount,text
1,Weekly Promo,vvan-rossum,25,Quo consectetur ea modi quidem occaecati molestias vero.
2,Holiday Discount,de-witvalentijn,20,Corporis earum ipsam impedit sed autem dolorem eveniet delectus hic fugiat eaque in optio nulla.
3,Weekly Promo,jetde-ruiter,25,Mollitia est magni necessitatibus porro sint eveniet nihil voluptatem rem aliquid commodi consequatur nobis debitis sapiente.
4,Snack Alert,pwolters,10,Suscipit aliquid beatae labore in quas dolorem nisi quibusdam nam hic in.
5,Holiday Discount,sjoerdhollander,10,Maiores ea fuga animi laborum aliquid nisi officiis.
6,Summer Deal,madelief24,20,Voluptas dolorum aliquid ullam voluptatum placeat earum temporibus similique nostrum inventore illum eveniet ipsa cum.
7,Summer Deal,mohammed65,10,Quidem excepturi tempora necessitatibus quos est eum dolore quos rem adipisci consectetur sequi fuga.
8,Weekly Promo,yde-grunt,5,Sequi delectus in praesentium amet id ex non dolorem.
9,Weekly Promo,ariensjennifer,5,Cum delectus cupiditate eos vitae reiciendis incidunt sunt possimus labore illo quisquam nostrum.
10,Snack Alert,gboer,15,Debitis quae aut fuga voluptas magnam vero modi.
11,Summer Deal,acosman,10,Accusamus labore maiores id quae voluptatibus consectetur soluta cupiditate nisi velit ipsam quos accusamus reiciendis.
12,Holiday Discount,thulst,20,Recusandae sequi odit incidunt corporis beatae cum dignissimos dolorum quasi sunt exercitationem inventore.
13,Snack Alert,dvan-der-kint,5,Mollitia voluptate odio fuga eaque maiores est commodi nam quibusdam magnam soluta facere quibusdam.
14,Holiday Discount,boaz06,15,Esse facilis officiis excepturi corporis deserunt sunt beatae velit culpa quae.
15,Summer Deal,xsegerszoen,5,Nostrum qui voluptate placeat nulla repellendus assumenda ipsa quo quisquam doloribus eos odit quia laudantium.
16,Holiday Discount,lonennoor,25,Molestiae placeat reprehenderit tempore explicabo accusamus molestiae reiciendis architecto quos vitae repudiandae ducimus quaerat deserunt.
17,Snack Alert,uolykan,15,Magnam corporis numquam dolorem sed sunt accusamus similique sint ratione qui maiores quaerat id labore.
18,Snack Alert,anna16,5,Voluptates eius ducimus pariatur facere ea amet minus reprehenderit soluta porro labore.
19,Summer Deal,tomhaengreve,25,Odit officiis tenetur quas eum officia commodi.
20,Holiday Discount,gvan-de-biesenbos,20,Soluta quasi rem necessitatibus incidunt nesciunt maiores culpa suscipit porro aperiam.
21,Summer Deal,xavi92,25,Autem saepe perspiciatis ducimus doloremque repellat similique voluptates molestiae vitae quae cupiditate consequatur dignissimos.
22,Summer Deal,emilyvan-hagen,20,Maxime dolores recusandae corrupti beatae officia mollitia adipisci ullam.
23,Holiday Discount,sylviemerckx,10,Maxime maiores aliquid neque unde cumque commodi repellendus accusamus.
24,Weekly Promo,jesseadelaar,15,Aperiam minima itaque fugit aliquid adipisci sapiente.
25,Weekly Promo,hde-jonge,20,Molestias repellendus deleniti fugit at aperiam quam.
26,Weekly Promo,sofia53,15,Nihil quidem ratione eius quos quisquam mollitia consequuntur.
27,Snack Alert,milan69,15,Rerum ratione alias dicta quo accusantium saepe illo delectus fuga repellendus velit.
28,Holiday Discount,evan-engeland,5,Accusantium porro ipsa voluptas pariatur in at accusamus officia totam error assumenda.
29,Holiday Discount,niermannmatthias,10,Repellat molestiae aut nostrum ullam nihil quo.
30,Summer Deal,hbroeckx,10,Accusamus quo quis inventore molestias eos consequuntur modi necessitatibus numquam culpa non quos minus molestiae nam.
31,Summer Deal,van-noordeloosaylin,10,Quos asperiores adipisci rem inventore facilis sapiente necessitatibus tempore ad nisi consectetur velit consequatur.
32,Snack Alert,twan89,20,Rerum delectus accusamus voluptate mollitia ab velit tempore fuga consequuntur asperiores itaque excepturi et vero.
33,Weekly Promo,dvan-schevinghuizen,20,Provident perferendis consequuntur error nobis quos atque perferendis rerum mollitia eligendi.
34,Summer Deal,bjacobs,25,Debitis consequuntur velit ex nesciunt ipsum repellat sunt totam eaque quasi.
35,Weekly Promo,sarah21,10,Expedita eos laborum rerum eum quod consectetur sapiente consequuntur sapiente facilis rerum quae accusantium quasi.
36,Snack Alert,de-vroegekeano,15,Illum veritatis itaque distinctio consequatur sed iusto debitis cum nam eveniet quam.
37,Snack Alert,adam01,15,Maxime veniam repellendus delectus porro quaerat dolores consequatur in harum ut unde recusandae fuga.
38,Summer Deal,ddijkman,5,Velit odit quidem animi blanditiis fuga a debitis iure rem voluptatem omnis.
39,Holiday Discount,johannes61,15,Quia dolorem repellendus recusandae amet necessitatibus dicta.
40,Summer Deal,van-leuvencornelis,10,Nisi perspiciatis a laborum temporibus rerum officiis soluta nemo est quae praesentium dolorem.
41,Weekly Promo,lucyvan-den-nieuwenhuijsen,10,Impedit nam distinctio similique exercitationem nisi eius iusto blanditiis saepe at numquam quam unde.
42,Summer Deal,zmartens,10,Repellat assumenda temporibus quas architecto ducimus aliquid explicabo natus nostrum dolore.
43,Weekly Promo,collinvan-metz,20,Distinctio sunt ratione facere ducimus quisquam reprehenderit excepturi ullam in aperiam.
44,Summer Deal,zoe86,15,Quia ipsum nihil dolor quaerat dolorum error.
45,Weekly Promo,ceylinstoffel,10,Et dolorem ullam reiciendis occaecati sed illo consequuntur aliquid.
46,Summer Deal,bram77,20,Provident hic ipsum excepturi aspernatur vero cum natus quas ab alias.
47,Snack Alert,romy51,25,Laudantium praesentium quas pariatur nobis suscipit aut.
48,Holiday Discount,godfrey-van-alemannievalentijn,5,Velit atque voluptates accusantium eveniet eos velit placeat amet praesentium cumque ad quaerat fuga.
49,Snack Alert,mohammedrutten,5,Placeat voluptatum tempora pariatur delectus temporibus quos tempore.
50,Holiday Discount,nora00,5,Similique quis praesentium amet eum excepturi sint ut temporibus.
51,Summer Deal,yasmin94,5,Odio nulla adipisci eligendi veritatis laudantium quisquam provident sapiente iure mollitia ut provident.
52,Holiday Discount,feline03,10,Aliquid voluptatem enim perspiciatis dolor esse quam dicta.
53,Holiday Discount,adriaensdrmathijs,20,Commodi adipisci dolor aliquid nostrum voluptas eligendi asperiores error nostrum atque dolore.
54,Weekly Promo,nynke99,5,Vero facere quis doloribus fugiat necessitatibus corporis facere architecto.
55,Weekly Promo,le-gulcheryara,5,Necessitatibus neque officia id incidunt totam repudiandae animi molestias quaerat labore aliquid possimus dolores.
56,Summer Deal,rvan-wijland,5,Quaerat vero optio necessitatibus enim neque vitae fugiat dolore.
57,Holiday Discount,de-nijsaaliyah,20,Fugiat sed culpa eveniet dolor odio repudiandae asperiores distinctio fugit ducimus tempore delectus autem.
58,Holiday Discount,joey90,5,Delectus veniam praesentium corrupti ratione est sequi architecto qui adipisci aliquam tempora in perspiciatis explicabo ab.
59,Weekly Promo,qvan-de-velden,5,Accusamus suscipit blanditiis fugit ipsam recusandae nulla ab tempore ex.
60,Summer Deal,wverschut,20,Nam voluptatem iste similique similique assumenda nisi nisi incidunt cumque aliquid veritatis dolores perferendis sunt.
61,Summer Deal,jansentygo,10,Explicabo delectus ducimus voluptatem suscipit possimus commodi tenetur beatae reiciendis sapiente dolorem.
62,Snack Alert,langevoortjonas,20,Praesentium cumque officia non optio architecto tenetur minima commodi nemo laborum a facilis.
63,Snack Alert,van-drenthefabian,5,Magnam distinctio fuga mollitia aspernatur nihil est quibusdam.
64,Snack Alert,tkortman,20,Fugit maxime quae quibusdam quo totam laboriosam quisquam.
65,Holiday Discount,colinvan-der-strigt,15,Non culpa tenetur laboriosam cupiditate magni ex sunt sint omnis voluptatum consequuntur.
66,Holiday Discount,akok,10,Debitis distinctio eos consectetur unde voluptatem consequatur.
67,Weekly Promo,bryanrademaker,15,Eius laborum eius distinctio consectetur quibusdam minima autem.
68,Snack Alert,kwolfswinkel,10,Quae praesentium perferendis quasi quasi consectetur odio voluptatem eius quaerat corrupti sequi consectetur ipsa facere ut.
69,Summer Deal,phillipsenriley,25,Aliquam quod consectetur atque excepturi aliquid ducimus deserunt placeat repudiandae.
70,Holiday Discount,julia93,15,Itaque explicabo temporibus atque modi consequatur architecto ad cum nisi impedit sunt placeat.
71,Snack Alert,van-mispelenmerijn,20,Sint aliquam velit neque veritatis dolor velit adipisci dolorum vitae molestiae eius.
72,Snack Alert,kde-marduras,5,Necessitatibus reiciendis dicta blanditiis laborum magnam facilis nam fuga.
73,Summer Deal,dde-pauw,15,Fugit praesentium ut assumenda maiores hic facere.
74,Snack Alert,elisabeth44,10,Omnis ipsam inventore voluptatem placeat non deleniti dolore impedit ab officia.
75,Snack Alert,dkortman,10,Consectetur cumque consequatur sunt blanditiis eos corporis dolor illum consequuntur.
76,Holiday Discount,suus85,25,Perferendis aut maiores maiores suscipit aliquam quasi veniam nisi porro atque.
77,Summer Deal,ojoosten,20,Quam tenetur quae omnis necessitatibus fugit dolore nam rem suscipit.
78,Weekly Promo,tara72,20,Pariatur facilis doloremque doloribus veniam veniam alias porro aspernatur provident facilis pariatur.
79,Snack Alert,ble-briel,15,Voluptatem eaque sint quod hic porro perferendis libero recusandae illo quae quam.
80,Weekly Promo,juul53,20,Voluptas ipsa natus voluptatibus earum harum quas quod fugit rem inventore temporibus.
81,Weekly Promo,daniellaffray,10,Eligendi ad possimus ab ex saepe nulla velit magni repellendus delectus id.
82,Summer Deal,nathande-backer,15,Fugit error ipsum beatae ullam accusamus sit eius dolores quod nihil blanditiis delectus commodi repellendus.
83,Holiday Discount,roukeshannah,5,Nesciunt dolorum tempore velit repellendus error et est quaerat animi necessitatibus dolore quo dolorem vero.
84,Weekly Promo,bolkesteijnbenthe,5,Libero minus explicabo cumque ut aspernatur quas ipsum totam.
85,Snack Alert,morris23,25,Repellendus omnis qui debitis suscipit magnam itaque eaque perspiciatis tempora libero beatae.
86,Weekly Promo,felinekolster,25,Porro illum exercitationem quia corporis temporibus iure.
87,Holiday Discount,elinevan-dijk,10,Placeat illum deserunt a eius aperiam repudiandae unde occaecati explicabo corrupti ipsa modi.
88,Summer Deal,zevenboomnaud,10,Omnis aliquid ad corrupti sequi debitis consectetur est eum optio veniam blanditiis ad error voluptas.
89,Holiday Discount,molegraaflinn,15,Minus occaecati assumenda voluptatibus tenetur dicta dicta numquam expedita culpa quod debitis quam.
90,Summer Deal,elinvan-saksen,10,Exercitationem quaerat vitae explicabo tempora omnis distinctio doloremque cumque odit.
91,Snack Alert,snollee,15,Deleniti minima non a facilis labore possimus tempora rerum quos dolorem dolorem incidunt magni voluptas iusto.
92,Holiday Discount,butselaarchloe,10,Aliquid deleniti non ratione blanditiis magni culpa sequi fugit atque laudantium culpa aut officia.
93,Holiday Discount,puklatier,25,Vitae laudantium recusandae occaecati ullam quis modi ea.
94,Weekly Promo,mvan-opper-lotharingen,15,Ipsam ea corporis voluptatem vitae voluptatem voluptatem consequuntur cum quae accusantium autem.
95,Summer Deal,luca25,15,Voluptatibus similique necessitatibus quaerat pariatur placeat similique debitis vero illo fugiat reprehenderit nulla voluptatibus distinctio.
96,Holiday Discount,de-koninglex,25,Sint doloribus sequi beatae animi id recusandae eius repudiandae ab pariatur dolorem nam esse.
97,Holiday Discount,vegtjames,20,Suscipit asperiores quod cupiditate optio magni enim.
98,Weekly Promo,kolthof,10,Omnis harum et eius labore facere dolorum asperiores cupiditate numquam architecto assumenda voluptate eaque.
99,Snack Alert,waardelooniek,5,Earum necessitatibus perferendis nemo fugiat voluptates nihil iste libero rem animi rem repellat.
100,Summer Deal,recersjelte,5,Voluptate pariatur architecto sint libero consequatur optio corrupti asperiores dicta doloribus quaerat temporibus.
101,Holiday Discount,ivan-liendert,25,Officia illo necessitatibus minima dolor cumque laudantium laborum aspernatur nobis quo consectetur officiis perferendis adipisci.
102,Holiday Discount,jente98,5,Numquam officiis in dolores odit dignissimos occaecati nemo totam possimus dicta nobis occaecati fugit est.
103,Snack Alert,van-de-waterise,5,Odio delectus commodi aliquid commodi architecto sapiente quo laborum fugiat voluptatibus natus itaque ullam laboriosam quae.
104,Weekly Promo,jansenstijn,25,Iure esse molestias quis libero error ipsum ipsum est velit in dicta tempora incidunt voluptatibus.
105,Holiday Discount,nikki50,10,Illum explicabo praesentium iusto alias qui voluptate.
106,Weekly Promo,dlensen,10,Aspernatur sunt natus facere necessitatibus fugit eum amet fuga iure ab facilis beatae.
107,Weekly Promo,valentijnvan-arnsberg,5,Incidunt doloremque aspernatur et enim minima sed saepe quis nostrum.
108,Summer Deal,senna46,10,Dolorum voluptas quidem soluta velit eos dolore quae quos recusandae esse commodi necessitatibus.
109,Holiday Discount,lievepersijn,5,Eius iste dolorem sunt soluta eaque minima perspiciatis omnis natus corporis.
110,Weekly Promo,vergeeramber,5,Consectetur quam quam dolor nemo repellendus odit sunt nesciunt ut aut culpa voluptas.
111,Weekly Promo,dhoudijk,20,Beatae laboriosam aliquam eveniet tempore maxime deserunt occaecati quos.
112,Summer Deal,nout79,15,Similique commodi doloribus aliquam eius inventore esse ut corrupti.
113,Weekly Promo,dinaclaesdr,15,Consequuntur qui explicabo consequatur beatae quasi itaque.
114,Holiday Discount,hwillemsen,10,Hic ex excepturi perspiciatis iusto a velit voluptas aspernatur nemo dolor architecto provident mollitia deleniti possimus.
115,Snack Alert,ode-keijzer,20,Asperiores vel mollitia aliquid dignissimos tempora deleniti illum.
116,Weekly Promo,beaupostma,10,Est eos eaque dignissimos autem error optio quae impedit qui.
117,Weekly Promo,bvan-der-noot,10,Mollitia temporibus veniam et provident consequuntur similique.
118,Holiday Discount,jcadefau,20,Officia voluptas ipsa enim iure deleniti alias dignissimos.
119,Weekly Promo,brian23,15,Recusandae rerum veniam cum repellendus non eligendi hic debitis quibusdam quas quidem quis dicta consequatur.
120,Holiday Discount,femotto,10,Consequatur consequatur illo voluptatibus dolor soluta dolorem.
121,Summer Deal,jornrecers,25,Iusto architecto porro pariatur incidunt itaque ut ab sequi consequuntur laboriosam nostrum quibusdam.
122,Snack Alert,lorenzo02,25,Odit distinctio aspernatur temporibus tenetur quasi nam ea laborum doloremque dolor.
123,Summer Deal,bjornhoning,10,Eos architecto voluptas neque qui voluptatum quo at quaerat vero optio consequatur amet fuga ipsa.
124,Weekly Promo,qrijn,25,Iure quod aut totam odit porro eum ea autem ratione nobis similique unde amet facere.
125,Holiday Discount,bibivan-formbach,25,Ratione iusto corporis magni ut debitis et aliquam veritatis.
126,Summer Deal,sami68,20,Quae totam quam corporis dolorum dolorum deleniti nemo velit recusandae aut.
127,Holiday Discount,francoiszoe,15,Blanditiis itaque maiores doloremque expedita porro impedit.
128,Summer Deal,eelmantwan,10,Sint laborum possimus reiciendis ut nisi explicabo.
129,Weekly Promo,jennifer52,15,Et suscipit quisquam laudantium cupiditate consequuntur laudantium harum ducimus dolore iste cum facere enim corporis fugiat.
130,Holiday Discount,rvaessen,5,Nihil officia sed deserunt deserunt quasi possimus repellendus dicta enim error.
131,Weekly Promo,strijkeramelia,20,Libero nobis ullam accusamus iure rem ab fugiat placeat quisquam placeat architecto quisquam et ratione.
132,Summer Deal,qvan-waas,15,Praesentium delectus incidunt omnis cum soluta qui impedit eaque iste libero eum cupiditate tenetur necessitatibus accusantium.
133,Holiday Discount,de-vroegephilip,10,Assumenda repellat consequatur omnis nemo unde corrupti enim architecto unde veritatis quisquam dolor corrupti et.
134,Summer Deal,bosterhoudt,15,Iure quam culpa illum repudiandae quam optio veritatis aliquam fugiat.
135,Weekly Promo,iris49,5,Ad pariatur excepturi deserunt quam dolore modi sed aliquam nemo sequi dolore sequi aperiam odit.
136,Summer Deal,nadiakarels,5,Veniam cupiditate asperiores quibusdam maiores tenetur beatae fuga.
137,Snack Alert,noortjevan-duyvenvoorde,20,Impedit libero illo tempora aut nesciunt minus ea modi harum voluptates quibusdam saepe perferendis aliquam.
138,Snack Alert,klafleur,10,Totam libero odit laboriosam rerum maxime quod vero odit eligendi sit quibusdam quod blanditiis.
139,Snack Alert,nhoudijk,20,Omnis beatae consequuntur ut repellat debitis deserunt accusantium porro aliquid cum.
140,Snack Alert,bente31,15,Quasi vel totam necessitatibus similique sint at sint ipsum repudiandae illo.
141,Snack Alert,elin81,5,Maiores dicta quasi accusantium dolor inventore illum qui quia.
142,Snack Alert,davidadam,25,Vel quibusdam molestiae deserunt id sit a occaecati eveniet debitis doloribus minus.
143,Holiday Discount,charlotteaarts,10,Mollitia cum in repellat cupiditate quod quisquam aperiam iste modi inventore reprehenderit.
144,Snack Alert,ophillipsen,5,Sapiente voluptatibus dignissimos sit non harum ratione vero dolor.
145,Summer Deal,vle-gulcher,15,Magni odio sunt vitae totam quibusdam quisquam debitis.
146,Summer Deal,pgrondel,15,Mollitia vitae autem voluptate deleniti optio ratione dicta dolorem non aut molestiae magni.
147,Weekly Promo,philiplether,5,Qui quas aperiam labore provident quisquam velit accusantium veritatis laboriosam harum officiis in occaecati.
148,Summer Deal,megan92,15,Odio vel minima sequi repellendus dolorum asperiores.
149,Holiday Discount,vincevan-ghoerle,20,Blanditiis ullam possimus explicabo nisi neque modi doloribus possimus expedita libero quasi accusantium.
150,Holiday Discount,jinthede-leeuw,5,Fuga veritatis id fugit cupiditate sit nemo atque eum dignissimos nulla nihil.
151,Summer Deal,oscarverbeek,15,Nobis perferendis occaecati ab ipsam error consequatur similique ad eaque.
152,Snack Alert,wjanssen,5,Illum nihil voluptatum aperiam ipsa nulla laborum natus mollitia nisi esse perspiciatis ducimus explicabo nulla necessitatibus.
153,Snack Alert,eschelvis,10,Deserunt non magnam esse illum doloribus saepe maxime occaecati dignissimos quasi modi modi voluptatum eos.
154,Snack Alert,rousseletmaxim,10,Ab non optio maiores hic ab vitae blanditiis suscipit adipisci id vero.
155,Summer Deal,de-strigtersep,5,Mollitia temporibus accusantium molestias earum rerum facere aut dolore nam molestiae.
156,Weekly Promo,norahbrizee,10,Laboriosam pariatur molestiae dolores nisi labore rerum quia autem expedita voluptates dolores.
157,Holiday Discount,siennavan-gorp,20,Totam aliquid distinctio perspiciatis quam quis illo nihil sit nisi officia accusantium.
158,Weekly Promo,samuel41,15,Ea natus repudiandae voluptatem pariatur tempore eos ipsum amet quis totam totam officiis minus cum.
159,Weekly Promo,boogaertsfinn,10,Quibusdam incidunt suscipit commodi doloremque ullam esse voluptas consectetur nisi aliquam laborum pariatur veritatis nam ut.
160,Summer Deal,jayson40,5,Consequuntur quod blanditiis tenetur nostrum ipsa labore et incidunt debitis vel debitis.
161,Snack Alert,verhoevenlaurens,25,Ut officia eos recusandae ea esse tempore esse enim quos.
162,Snack Alert,esila39,10,Eveniet atque reprehenderit doloremque dolore ab rerum voluptas enim quas dolor cumque repudiandae.
163,Summer Deal,adriaensdrlara,15,Hic omnis veniam ut architecto quaerat iusto unde odit odio.
164,Summer Deal,kvan-vlaanderen,20,Quo modi molestias doloribus expedita eum perferendis mollitia cupiditate nesciunt esse perspiciatis expedita.
165,Summer Deal,elias61,15,Eveniet fuga assumenda architecto excepturi amet sequi aliquid est at ipsum esse iusto quisquam.
166,Snack Alert,quintenjansen,10,Ipsa minus quia quasi beatae ratione itaque explicabo error rem necessitatibus.
167,Summer Deal,lukeslaetsdochter,5,Dicta ex laborum modi dolore commodi dolor assumenda ratione porro dolores officia ullam voluptatem incidunt alias.
168,Holiday Discount,ivan-de-klashorst,10,Repellat nam explicabo cupiditate molestiae deserunt eligendi mollitia delectus.
169,Weekly Promo,timmermanjob,5,Ipsum esse eveniet optio unde quas laboriosam rem maiores.
170,Snack Alert,van-de-waldewi,5,Explicabo placeat deleniti eius fugit assumenda laboriosam quia.
171,Weekly Promo,emilyde-vos,20,Ut voluptates dolore repellendus consequatur non ducimus fugiat recusandae ea temporibus amet nesciunt nesciunt adipisci alias.
172,Snack Alert,van-der-kintemma,20,Excepturi dolorem accusantium temporibus rerum placeat excepturi atque assumenda nisi optio enim enim officiis harum.
173,Weekly Promo,faye97,5,Fuga cupiditate tenetur fuga quod laudantium odio necessitatibus quidem consectetur maxime beatae nihil debitis asperiores quia.
174,Snack Alert,mvan-der-mast,10,Saepe reprehenderit error molestiae odit tenetur iste aspernatur accusamus eveniet neque error vitae unde repellat ratione.
175,Weekly Promo,teunvan-voorst,20,Minima hic minima assumenda quas odit distinctio magnam quibusdam.
176,Weekly Promo,evertseline,10,Non voluptates rerum aspernatur veniam excepturi accusamus reprehenderit qui nulla.
177,Snack Alert,merlegroote,5,Iusto aliquid et nam incidunt in dignissimos reprehenderit fugiat occaecati omnis quia modi.
178,Weekly Promo,van-lucelvictoria,20,Quisquam pariatur deserunt perferendis accusantium quia commodi.
179,Snack Alert,lolaernst,15,Dolorum similique commodi nemo labore consequatur sint.
180,Holiday Discount,gijs36,15,Nemo porro eveniet modi aut magnam commodi.
181,Summer Deal,nick02,10,Distinctio itaque id temporibus ut recusandae minus dignissimos quidem consequuntur ipsam.
182,Summer Deal,jaylinnwest-francie-van,5,Quam id doloribus explicabo reiciendis animi ab ex eum soluta quibusdam voluptas at odio eos.
183,Weekly Promo,deanverschut,25,Reprehenderit dolores laborum delectus expedita soluta aut enim hic perspiciatis aliquam consequatur magni.
184,Snack Alert,wesleyvan-santen,25,Itaque sequi molestias in quisquam fugiat a totam eos.
185,Holiday Discount,de-gratiemadelief,25,Ducimus repellendus placeat asperiores tempora numquam possimus vero eum tempora ex.
186,Summer Deal,simon40,20,Vitae alias pariatur molestias consequatur voluptatem ab consequuntur in in ut magni.
187,Snack Alert,roosefiene,25,Perspiciatis iste minus neque nihil recusandae unde nemo nemo aliquid libero.
188,Snack Alert,jennifer90,25,Cupiditate magni quis eius nostrum iste earum eum vero beatae provident rerum quisquam modi tempora.
189,Holiday Discount,mirthevan-tours,20,Iste suscipit accusantium voluptas rem vero voluptates ratione quidem.
190,Weekly Promo,liza03,5,Veniam nihil quis temporibus magni dignissimos iusto officiis facere maiores quasi.
191,Snack Alert,siemschuylenborch,5,Ipsum repudiandae atque quaerat non numquam beatae veritatis deserunt repudiandae sit voluptas delectus consectetur.
192,Holiday Discount,philiprotteveel,5,Voluptas unde architecto sed similique doloremque assumenda alias officiis.
193,Snack Alert,ivan-leeuwen,10,Eaque eius accusantium provident libero nihil provident.
194,Holiday Discount,moenenjasper,10,Fuga quos saepe officia animi laboriosam nulla atque odio corporis quibusdam.
195,Holiday Discount,lboer,10,Labore quia voluptatem sint nemo dignissimos debitis aspernatur libero error corporis enim eaque suscipit officia.
196,Summer Deal,jespervan-berkum,20,Autem repudiandae amet deserunt fugit inventore porro dolor.
197,Summer Deal,jbakker,20,Id possimus cumque vel corrupti alias nisi quod dolores tempora impedit consequatur necessitatibus deserunt vero.
198,Holiday Discount,arnoldolaf,10,Labore est animi libero consequatur veritatis natus accusamus reiciendis dolor itaque deleniti quod omnis.
199,Weekly Promo,jaygellemeyer,15,Dignissimos repellat necessitatibus quia labore asperiores harum consequuntur.
200,Summer Deal,bloklandmaaike,5,Et ullam quo quia recusandae voluptatum beatae cumque repellat vitae labore.
201,Snack Alert,van-hostadenluka,25,Doloribus amet voluptatem repudiandae quis eos ratione temporibus delectus corporis officia.
202,Snack Alert,jeggijoscar,25,Dolor nesciunt quidem consequuntur quasi vel quas nesciunt esse.
203,Weekly Promo,lvan-ochten,15,Nulla dignissimos delectus odit explicabo atque ullam iusto aspernatur iure repellendus quam.
204,Snack Alert,hulshoutsmarinus,5,Repudiandae facere molestiae beatae alias autem nemo beatae veritatis modi ullam at.
205,Snack Alert,zvan-der-noot,5,Quasi rem suscipit ducimus nam ratione tenetur maiores in distinctio fugit.
206,Snack Alert,ariens-ansemsamber,10,Earum itaque ad quibusdam ipsa omnis voluptate voluptate autem adipisci eos sed consectetur ipsa aliquam.
207,Holiday Discount,xvan-der-heijden,25,Hic vitae numquam rerum quos voluptatem eius eaque ipsa ipsum.
208,Summer Deal,van-de-darnaujason,5,Dolore vitae illum earum deleniti quaerat ab aperiam cumque.
209,Summer Deal,ajorlink,15,Temporibus a dignissimos dolor aperiam accusantium maxime dolorum eos quaerat illo dolores.
210,Weekly Promo,aeijeabel,20,Maxime quisquam necessitatibus at dolorum illo a neque sequi at necessitatibus qui corrupti doloremque placeat.
211,Weekly Promo,sophievan-kempen,20,Perferendis veniam neque itaque quaerat aliquid ab recusandae excepturi molestiae sapiente aspernatur sequi tenetur incidunt voluptatum.
212,Snack Alert,cpieters,25,Ad nisi sapiente nihil eius dolor ipsa.
213,Snack Alert,piersontirza,5,Assumenda atque sunt et optio nam fuga ea magnam quis vitae est voluptate deleniti.
214,Holiday Discount,maartje01,15,Dignissimos quis eius illum ipsum fugiat nemo nisi eligendi tempora earum illo.
215,Snack Alert,tjorlink,10,Atque mollitia eaque officia accusamus consequuntur quo.
216,Snack Alert,van-de-leemputjamie,5,Officiis maiores nisi quisquam voluptas corrupti tempora consequuntur minus.
217,Snack Alert,van-waasluuk,15,Temporibus iusto ratione facere voluptas illum cum ut exercitationem iste ab assumenda.
218,Holiday Discount,jansdrchloe,5,Autem blanditiis in architecto debitis occaecati eveniet natus enim sint id sunt.
219,Snack Alert,van-lucelesther,15,Dolor eaque illum amet consectetur doloribus corporis assumenda at.
220,Weekly Promo,jorthoning,5,Quasi unde incidunt expedita commodi omnis eaque minus fugiat libero inventore quibusdam dolore repellendus tempora.
221,Weekly Promo,milo60,15,Omnis tempora voluptatem in dolor odio fugit vitae autem at dolores.
222,Weekly Promo,alyssa34,15,Sapiente ea expedita vero assumenda voluptatum modi cum et aut perspiciatis repudiandae pariatur delectus.
223,Snack Alert,gadriaense,5,Sed provident harum expedita praesentium id corrupti consectetur voluptates vero numquam ipsam voluptatum.
224,Holiday Discount,rvan-de-velden,10,Eos iusto aspernatur cum animi dignissimos accusamus impedit ut rem esse natus voluptatibus voluptate commodi et.
225,Weekly Promo,mara34,20,Esse in qui fugiat corrupti beatae assumenda.
226,Weekly Promo,mramaker,15,Cum ducimus quos accusantium id porro reiciendis odit at commodi perferendis nostrum.
227,Snack Alert,catovan-der-wal,25,Minus iure a pariatur doloremque dolorem perspiciatis ratione.
228,Summer Deal,karlijndie-bont,10,Maxime nesciunt in ad illo ea quo expedita atque aut aliquam at repellendus fuga deserunt.
229,Snack Alert,dave23,10,Blanditiis illo est quia minus a veniam.
230,Snack Alert,gjanssen,20,Harum voluptates dicta aperiam praesentium autem ipsum repudiandae numquam totam amet at eius vel.
231,Weekly Promo,merijnvan-oirschot,5,Dolores quibusdam libero aut reprehenderit quis mollitia aliquid.
232,Holiday Discount,de-keijzerphileine,5,Quis velit placeat nulla quibusdam amet magni atque officia.
233,Weekly Promo,vvan-den-nyeuwenhuysen,25,Ullam occaecati aspernatur vero exercitationem excepturi cumque blanditiis labore cumque minus sint.
234,Snack Alert,vvan-den-nuwenhuijzen,10,Iusto quod nisi animi dolorem beatae impedit.
235,Summer Deal,jboer,10,Beatae nulla voluptate culpa tempora perspiciatis soluta nihil voluptates dolorum laudantium blanditiis dicta excepturi dolorem.
236,Holiday Discount,jvan-berkum,10,Tempore ab reiciendis molestias perferendis quaerat facilis explicabo.
237,Summer Deal,bechtjelte,10,Pariatur eos reiciendis consequatur soluta vitae cum repudiandae hic alias voluptatibus.
238,Summer Deal,wvan-het-heerenveen,20,Ea pariatur accusantium reiciendis placeat explicabo ipsa porro doloribus sed totam facilis quibusdam soluta.
239,Summer Deal,dexvandenbergh,15,Quasi saepe tempora reprehenderit harum a unde dolor.
240,Holiday Discount,bjorn84,15,Eligendi distinctio quibusdam beatae modi dolore consequatur molestiae eos.
241,Weekly Promo,muijsayden,20,Error autem incidunt repellat asperiores accusamus similique.
242,Snack Alert,jonkmanelias,5,Tenetur fugiat quaerat quis quaerat voluptatibus praesentium illo recusandae doloremque sint nostrum.
243,Summer Deal,lars48,10,Atque eveniet reprehenderit sunt eius libero ea voluptatibus.
244,Weekly Promo,zvan-de-greef,20,Ratione sequi commodi iusto mollitia eum quisquam sint consequatur quo temporibus tenetur eveniet atque doloremque fuga.
245,Snack Alert,gvan-de-kooij,10,Facere culpa sequi odit quis repellat iure dolorem fugit corrupti ratione ipsa.
246,Snack Alert,livia46,25,Iusto alias aperiam aut itaque aperiam magnam commodi fugit ea officiis minus odit dolorem.
247,Weekly Promo,moldylano,15,Et voluptatem minus quod suscipit eos asperiores error sed provident perferendis fugit cum cupiditate.
248,Holiday Discount,liv68,15,Voluptatem tempora delectus maiores error aliquid impedit dolorum ab officiis fugiat dignissimos laboriosam.
249,Summer Deal,meeressuze,15,Dignissimos molestias ullam labore porro facere commodi tempora inventore magnam labore amet.
250,Summer Deal,rooseannabel,20,Voluptatibus nihil doloremque animi ex fuga doloremque ab ratione porro velit nobis corporis dicta in.
251,Summer Deal,verbruggenesila,10,Inventore ducimus ab deleniti omnis eum ipsum qui magnam sunt libero excepturi ducimus ipsa.
252,Holiday Discount,boerlevi,10,Ea sapiente labore similique quibusdam consectetur quas debitis provident cupiditate officia laboriosam autem asperiores iure.
253,Holiday Discount,hannah76,10,Blanditiis laudantium in animi eos nulla molestiae beatae eaque mollitia neque doloremque fugiat velit saepe veritatis.
254,Weekly Promo,meijereliza,20,Deleniti tempore quia voluptatum voluptates recusandae accusamus voluptatum tempora.
255,Summer Deal,izede-vos,5,Libero aspernatur in ad asperiores iure suscipit accusantium dolor voluptatum id.
256,Snack Alert,timobreugelensis,10,Placeat velit enim dicta delectus rerum delectus totam fugiat dolore beatae repellat.
257,Holiday Discount,demischipper,25,Inventore dolores nam molestiae vero adipisci id ut ea culpa expedita quas repellendus.
258,Summer Deal,fedde93,10,Dolore iure culpa quidem debitis similique cum nemo reprehenderit dolore officiis error quo repellendus animi rerum.
259,Weekly Promo,zvan-henegouwen,25,Reprehenderit iste cumque officia explicabo dignissimos laudantium numquam occaecati fugiat iste a.
260,Weekly Promo,asterkman,15,Quibusdam voluptatibus quidem sed accusantium aliquid ab quaerat aut vero sapiente nisi cumque.
261,Snack Alert,de-backerliza,20,Sunt dolores adipisci ea nemo alias dolore tempore expedita deserunt dignissimos.
262,Weekly Promo,kostenliam,20,Architecto culpa fugiat officiis ex sequi animi nulla quas voluptatibus eligendi recusandae.
263,Weekly Promo,nihoenaomi,10,Neque repellat repellat eligendi quos numquam quidem doloribus soluta eos doloribus ullam nihil.
264,Snack Alert,aidenvan-der-loo,15,Expedita quia modi officia commodi rerum ratione.
265,Snack Alert,dion29,25,Ipsam ex nisi est soluta nobis consequatur animi.
266,Summer Deal,lexvan-voorst,5,Dicta laboriosam est fuga cum temporibus fugit nisi sint odit necessitatibus temporibus exercitationem.
267,Weekly Promo,huismanjob,25,Ipsum praesentium aut fuga quam consectetur incidunt veritatis labore corrupti sequi occaecati id.
268,Weekly Promo,jgreij,15,Tempora incidunt ipsum quisquam ad necessitatibus culpa.
269,Summer Deal,mohammed24,20,Deleniti provident aperiam porro similique explicabo et earum.
270,Summer Deal,eliasgroote,15,Dolores sapiente maxime ipsam totam itaque consequuntur iure voluptate fugiat qui.
271,Weekly Promo,jangellemeyer,15,Molestias provident ducimus reiciendis eum ut recusandae nihil quasi voluptas esse molestiae laudantium inventore.
272,Weekly Promo,nmangel,15,Quidem nihil voluptates inventore atque sit velit cumque iusto molestiae.
273,Weekly Promo,vera64,10,Sunt ex magnam quos quasi minus repudiandae molestiae.
274,Holiday Discount,jill67,25,Illo cupiditate qui eaque laboriosam omnis quod facere unde.
275,Holiday Discount,kyra51,5,Hic nam cupiditate sit ab autem delectus quas optio odio cumque sunt error cupiditate illum nihil.
276,Snack Alert,nynke20,15,Sed cumque cum ullam assumenda necessitatibus cupiditate accusamus.
277,Holiday Discount,van-bentheimsem,5,Rerum ipsam consequatur id ea rerum exercitationem saepe vitae.
278,Snack Alert,thijs32,15,Labore eligendi aliquam quaerat nostrum amet quis nemo.
279,Weekly Promo,rikmarchal,20,Nulla consequatur error iure assumenda nihil fugit ab aliquid vitae ut corporis laborum alias id.
280,Snack Alert,rhazenveld,20,Rerum amet voluptate sit hic dolor minima vel ab nemo dolorem cupiditate earum.
281,Summer Deal,van-ghoerlemegan,25,Omnis similique perferendis dignissimos sint dicta illum accusamus vel nulla eligendi at ipsa.
282,Holiday Discount,sterremansvelt,15,Harum eius repellendus blanditiis quibusdam itaque iure omnis.
283,Holiday Discount,xvan-den-nuwenhuysen,25,Veritatis tempora quibusdam in possimus ratione non debitis voluptate reprehenderit sunt repellat labore similique.
284,Snack Alert,van-de-vencharlotte,15,Accusantium assumenda sed nulla natus cupiditate possimus aliquam cumque nam ipsum eaque eaque.
285,Weekly Promo,okoster,10,Exercitationem quos recusandae magnam harum ducimus necessitatibus voluptatum cumque soluta quo.
286,Holiday Discount,lauren36,15,In necessitatibus eligendi iusto dicta inventore provident aperiam accusamus.
287,Summer Deal,visserkoen,20,Soluta numquam est quia eaque at quas doloremque quos nobis saepe adipisci quos labore.
288,Holiday Discount,romijnise,15,Amet laborum officia illum atque dolore magnam temporibus ea distinctio amet quas aspernatur.
289,Holiday Discount,aweyland,15,Tempore sed consectetur soluta quidem illo unde temporibus quos facilis error.
290,Summer Deal,van-den-eerenbeemtriley,10,Quia necessitatibus vel corrupti labore possimus nemo beatae quod est aliquam iste sapiente natus accusantium.
291,Weekly Promo,rayanvan-allemanie,10,Alias tempore dolorem dolorum eaque incidunt magni distinctio id officia pariatur ad illo.
292,Weekly Promo,van-der-veensophia,20,Delectus delectus illum similique tenetur odit quod nostrum quo.
293,Weekly Promo,pvan-de-pavert,15,Inventore dolor quis perspiciatis repellat aliquid iusto dignissimos impedit esse repellendus possimus possimus sit.
294,Weekly Promo,bde-vrome,25,Reiciendis odit sed sapiente odio necessitatibus consequuntur blanditiis iste ea sequi in.
295,Weekly Promo,van-der-spaendoncnisa,20,Placeat ipsam illum dignissimos saepe quis illo cum ut perspiciatis sunt labore velit.
296,Summer Deal,lisannevan-de-pol,20,Aspernatur voluptatum repellendus ut laudantium natus in eum sunt dignissimos rem iure itaque totam ab in.
297,Summer Deal,evie42,25,Nesciunt culpa dignissimos possimus modi veritatis doloremque sunt perferendis dolores eveniet porro odit.
298,Summer Deal,hehlmatthias,20,Quod nostrum in ad fugit debitis nulla reprehenderit ipsa a ea non.
299,Holiday Discount,veerlescardino,25,Natus maiores quod omnis doloribus amet corporis sit perspiciatis qui.
300,Summer Deal,hvan-der-mast,20,Iusto similique ab odio veritatis earum dolore beatae sunt minus sint quis ullam.
