:START_ID(Order),:END_ID(Snack),:TYPE
1,178,CONTAINS
1,37,CONTAINS
1,138,CONTAINS
1,53,CONTAINS
2,162,CONTAINS
3,163,CONTAINS
3,179,CONTAINS
3,166,CONTAINS
4,183,CONTAINS
4,96,CONTAINS
5,169,CONTAINS
5,166,CONTAINS
5,131,CONTAINS
5,155,CONTAINS
5,42,CONTAINS
6,40,CONTAINS
6,81,CONTAINS
6,112,CONTAINS
6,98,CONTAINS
7,155,CONTAINS
8,20,CONTAINS
8,70,CONTAINS
9,137,CONTAINS
10,176,CONTAINS
11,105,CONTAINS
11,17,CONTAINS
11,85,CONTAINS
11,164,CONTAINS
11,23,CONTAINS
12,86,CONTAINS
12,200,CONTAINS
12,70,CONTAINS
13,58,CONTAINS
13,71,CONTAINS
14,26,CONTAINS
15,57,CONTAINS
15,97,CONTAINS
15,27,CONTAINS
15,32,CONTAINS
16,135,CONTAINS
16,187,CONTAINS
17,151,CONTAINS
17,126,CONTAINS
17,25,CONTAINS
18,90,CONTAINS
18,180,CONTAINS
18,147,CONTAINS
18,73,CONTAINS
18,142,CONTAINS
19,156,CONTAINS
19,26,CONTAINS
19,13,CONTAINS
20,82,CONTAINS
20,193,CONTAINS
21,47,CONTAINS
21,89,CONTAINS
21,190,CONTAINS
21,174,CONTAINS
22,142,CONTAINS
22,153,CONTAINS
22,104,CONTAINS
22,123,CONTAINS
22,152,CONTAINS
23,67,CONTAINS
23,3,CONTAINS
24,183,CONTAINS
24,40,CONTAINS
24,169,CONTAINS
24,33,CONTAINS
24,37,CONTAINS
25,146,CONTAINS
25,189,CONTAINS
25,69,CONTAINS
25,14,CONTAINS
26,182,CONTAINS
26,200,CONTAINS
26,64,CONTAINS
27,108,CONTAINS
27,181,CONTAINS
27,118,CONTAINS
27,47,CONTAINS
27,113,CONTAINS
28,120,CONTAINS
28,129,CONTAINS
28,74,CONTAINS
29,110,CONTAINS
29,134,CONTAINS
29,184,CONTAINS
30,79,CONTAINS
30,163,CONTAINS
31,79,CONTAINS
32,198,CONTAINS
32,81,CONTAINS
32,24,CONTAINS
32,163,CONTAINS
33,20,CONTAINS
34,24,CONTAINS
34,43,CONTAINS
35,15,CONTAINS
35,22,CONTAINS
35,191,CONTAINS
35,74,CONTAINS
35,142,CONTAINS
36,3,CONTAINS
36,109,CONTAINS
36,174,CONTAINS
36,131,CONTAINS
37,123,CONTAINS
37,128,CONTAINS
38,176,CONTAINS
38,174,CONTAINS
38,137,CONTAINS
38,179,CONTAINS
38,32,CONTAINS
39,4,CONTAINS
39,158,CONTAINS
39,49,CONTAINS
39,191,CONTAINS
40,183,CONTAINS
41,180,CONTAINS
41,137,CONTAINS
41,192,CONTAINS
41,89,CONTAINS
42,190,CONTAINS
42,170,CONTAINS
43,176,CONTAINS
43,156,CONTAINS
43,11,CONTAINS
43,115,CONTAINS
43,44,CONTAINS
44,58,CONTAINS
44,45,CONTAINS
44,20,CONTAINS
44,94,CONTAINS
44,35,CONTAINS
45,91,CONTAINS
45,14,CONTAINS
45,109,CONTAINS
45,127,CONTAINS
45,98,CONTAINS
46,96,CONTAINS
46,29,CONTAINS
47,174,CONTAINS
47,64,CONTAINS
47,139,CONTAINS
48,75,CONTAINS
49,124,CONTAINS
49,76,CONTAINS
49,68,CONTAINS
50,1,CONTAINS
50,189,CONTAINS
51,101,CONTAINS
51,56,CONTAINS
51,79,CONTAINS
51,165,CONTAINS
51,132,CONTAINS
52,119,CONTAINS
53,125,CONTAINS
53,15,CONTAINS
53,92,CONTAINS
53,2,CONTAINS
53,158,CONTAINS
54,85,CONTAINS
54,77,CONTAINS
54,91,CONTAINS
54,28,CONTAINS
55,90,CONTAINS
56,103,CONTAINS
56,91,CONTAINS
57,26,CONTAINS
58,126,CONTAINS
58,51,CONTAINS
58,22,CONTAINS
58,136,CONTAINS
59,40,CONTAINS
59,106,CONTAINS
59,32,CONTAINS
59,125,CONTAINS
59,2,CONTAINS
60,197,CONTAINS
60,169,CONTAINS
61,58,CONTAINS
61,121,CONTAINS
61,102,CONTAINS
62,77,CONTAINS
62,94,CONTAINS
62,110,CONTAINS
63,138,CONTAINS
63,69,CONTAINS
64,113,CONTAINS
65,42,CONTAINS
65,36,CONTAINS
65,91,CONTAINS
65,192,CONTAINS
66,2,CONTAINS
66,92,CONTAINS
66,182,CONTAINS
66,51,CONTAINS
67,49,CONTAINS
68,11,CONTAINS
68,35,CONTAINS
68,102,CONTAINS
69,191,CONTAINS
69,85,CONTAINS
69,9,CONTAINS
69,42,CONTAINS
70,123,CONTAINS
70,171,CONTAINS
71,31,CONTAINS
71,108,CONTAINS
71,126,CONTAINS
72,127,CONTAINS
72,175,CONTAINS
72,183,CONTAINS
72,33,CONTAINS
72,84,CONTAINS
73,129,CONTAINS
73,186,CONTAINS
73,190,CONTAINS
73,100,CONTAINS
74,29,CONTAINS
74,28,CONTAINS
75,33,CONTAINS
76,89,CONTAINS
76,129,CONTAINS
77,197,CONTAINS
78,14,CONTAINS
78,174,CONTAINS
79,110,CONTAINS
79,153,CONTAINS
79,189,CONTAINS
80,112,CONTAINS
81,75,CONTAINS
81,73,CONTAINS
81,125,CONTAINS
81,22,CONTAINS
82,64,CONTAINS
82,159,CONTAINS
82,40,CONTAINS
82,187,CONTAINS
83,48,CONTAINS
83,64,CONTAINS
83,72,CONTAINS
83,197,CONTAINS
83,30,CONTAINS
84,180,CONTAINS
84,64,CONTAINS
84,171,CONTAINS
85,51,CONTAINS
85,122,CONTAINS
85,181,CONTAINS
85,27,CONTAINS
86,157,CONTAINS
86,47,CONTAINS
86,49,CONTAINS
86,152,CONTAINS
86,162,CONTAINS
87,59,CONTAINS
87,31,CONTAINS
88,103,CONTAINS
88,10,CONTAINS
89,50,CONTAINS
89,38,CONTAINS
89,110,CONTAINS
90,158,CONTAINS
91,24,CONTAINS
91,14,CONTAINS
92,105,CONTAINS
92,135,CONTAINS
92,79,CONTAINS
92,180,CONTAINS
93,57,CONTAINS
93,87,CONTAINS
94,123,CONTAINS
94,16,CONTAINS
94,131,CONTAINS
94,110,CONTAINS
95,78,CONTAINS
96,69,CONTAINS
97,72,CONTAINS
97,90,CONTAINS
97,183,CONTAINS
98,64,CONTAINS
98,82,CONTAINS
98,13,CONTAINS
98,47,CONTAINS
99,1,CONTAINS
100,170,CONTAINS
101,55,CONTAINS
101,74,CONTAINS
101,121,CONTAINS
102,156,CONTAINS
102,26,CONTAINS
102,111,CONTAINS
103,65,CONTAINS
103,126,CONTAINS
104,86,CONTAINS
104,78,CONTAINS
104,29,CONTAINS
105,172,CONTAINS
106,175,CONTAINS
107,198,CONTAINS
107,34,CONTAINS
107,85,CONTAINS
107,93,CONTAINS
107,190,CONTAINS
108,191,CONTAINS
108,200,CONTAINS
108,151,CONTAINS
109,155,CONTAINS
109,96,CONTAINS
109,61,CONTAINS
109,167,CONTAINS
109,71,CONTAINS
110,150,CONTAINS
110,99,CONTAINS
111,28,CONTAINS
112,162,CONTAINS
112,191,CONTAINS
113,31,CONTAINS
113,11,CONTAINS
113,151,CONTAINS
113,168,CONTAINS
113,49,CONTAINS
114,181,CONTAINS
114,115,CONTAINS
115,20,CONTAINS
116,159,CONTAINS
116,88,CONTAINS
116,78,CONTAINS
116,186,CONTAINS
116,122,CONTAINS
117,137,CONTAINS
117,185,CONTAINS
118,12,CONTAINS
118,33,CONTAINS
119,108,CONTAINS
119,141,CONTAINS
120,195,CONTAINS
120,144,CONTAINS
120,89,CONTAINS
121,115,CONTAINS
121,162,CONTAINS
121,184,CONTAINS
122,112,CONTAINS
123,124,CONTAINS
124,135,CONTAINS
124,129,CONTAINS
124,6,CONTAINS
124,43,CONTAINS
125,71,CONTAINS
125,179,CONTAINS
125,34,CONTAINS
125,75,CONTAINS
125,12,CONTAINS
126,16,CONTAINS
126,178,CONTAINS
126,49,CONTAINS
126,190,CONTAINS
126,102,CONTAINS
127,176,CONTAINS
127,137,CONTAINS
127,132,CONTAINS
127,20,CONTAINS
128,113,CONTAINS
128,193,CONTAINS
129,99,CONTAINS
129,144,CONTAINS
129,200,CONTAINS
129,100,CONTAINS
129,103,CONTAINS
130,70,CONTAINS
130,53,CONTAINS
130,48,CONTAINS
130,1,CONTAINS
130,41,CONTAINS
131,56,CONTAINS
131,152,CONTAINS
131,179,CONTAINS
131,3,CONTAINS
131,132,CONTAINS
132,129,CONTAINS
132,182,CONTAINS
132,185,CONTAINS
132,135,CONTAINS
133,78,CONTAINS
133,57,CONTAINS
133,76,CONTAINS
134,142,CONTAINS
134,31,CONTAINS
134,44,CONTAINS
135,12,CONTAINS
135,137,CONTAINS
136,75,CONTAINS
136,11,CONTAINS
137,72,CONTAINS
137,35,CONTAINS
138,14,CONTAINS
138,165,CONTAINS
138,64,CONTAINS
139,137,CONTAINS
139,30,CONTAINS
140,167,CONTAINS
141,162,CONTAINS
141,155,CONTAINS
141,95,CONTAINS
142,22,CONTAINS
142,181,CONTAINS
142,141,CONTAINS
143,185,CONTAINS
143,35,CONTAINS
143,105,CONTAINS
144,76,CONTAINS
144,84,CONTAINS
144,15,CONTAINS
144,161,CONTAINS
144,3,CONTAINS
145,57,CONTAINS
145,188,CONTAINS
145,72,CONTAINS
146,66,CONTAINS
146,5,CONTAINS
147,169,CONTAINS
147,200,CONTAINS
147,150,CONTAINS
147,28,CONTAINS
147,185,CONTAINS
148,168,CONTAINS
148,66,CONTAINS
148,161,CONTAINS
148,163,CONTAINS
149,142,CONTAINS
149,53,CONTAINS
149,114,CONTAINS
149,57,CONTAINS
149,84,CONTAINS
150,53,CONTAINS
150,149,CONTAINS
150,162,CONTAINS
151,40,CONTAINS
151,115,CONTAINS
151,60,CONTAINS
151,187,CONTAINS
152,95,CONTAINS
152,38,CONTAINS
152,123,CONTAINS
152,24,CONTAINS
153,47,CONTAINS
153,118,CONTAINS
153,48,CONTAINS
153,46,CONTAINS
154,146,CONTAINS
154,126,CONTAINS
155,166,CONTAINS
155,73,CONTAINS
156,80,CONTAINS
157,46,CONTAINS
157,101,CONTAINS
158,49,CONTAINS
158,18,CONTAINS
158,37,CONTAINS
158,19,CONTAINS
158,110,CONTAINS
159,117,CONTAINS
159,166,CONTAINS
160,26,CONTAINS
160,186,CONTAINS
160,135,CONTAINS
160,36,CONTAINS
161,155,CONTAINS
162,97,CONTAINS
163,6,CONTAINS
163,29,CONTAINS
163,4,CONTAINS
163,196,CONTAINS
164,34,CONTAINS
165,198,CONTAINS
165,22,CONTAINS
166,37,CONTAINS
166,161,CONTAINS
166,154,CONTAINS
167,3,CONTAINS
168,139,CONTAINS
169,182,CONTAINS
169,22,CONTAINS
169,52,CONTAINS
170,123,CONTAINS
170,195,CONTAINS
171,114,CONTAINS
171,42,CONTAINS
171,79,CONTAINS
171,85,CONTAINS
171,123,CONTAINS
172,63,CONTAINS
172,15,CONTAINS
173,178,CONTAINS
173,69,CONTAINS
173,161,CONTAINS
173,140,CONTAINS
173,32,CONTAINS
174,12,CONTAINS
175,140,CONTAINS
176,27,CONTAINS
176,131,CONTAINS
176,107,CONTAINS
177,1,CONTAINS
177,58,CONTAINS
178,59,CONTAINS
179,99,CONTAINS
179,38,CONTAINS
179,91,CONTAINS
179,168,CONTAINS
180,58,CONTAINS
180,176,CONTAINS
180,99,CONTAINS
181,126,CONTAINS
182,29,CONTAINS
182,58,CONTAINS
183,73,CONTAINS
184,20,CONTAINS
184,158,CONTAINS
184,86,CONTAINS
185,93,CONTAINS
186,12,CONTAINS
187,39,CONTAINS
187,46,CONTAINS
187,110,CONTAINS
187,136,CONTAINS
187,86,CONTAINS
188,47,CONTAINS
188,174,CONTAINS
188,109,CONTAINS
188,39,CONTAINS
188,171,CONTAINS
189,160,CONTAINS
189,74,CONTAINS
189,90,CONTAINS
190,70,CONTAINS
191,170,CONTAINS
191,95,CONTAINS
191,68,CONTAINS
191,183,CONTAINS
192,1,CONTAINS
193,200,CONTAINS
193,168,CONTAINS
194,82,CONTAINS
194,38,CONTAINS
195,115,CONTAINS
195,185,CONTAINS
195,123,CONTAINS
195,18,CONTAINS
196,148,CONTAINS
197,187,CONTAINS
197,72,CONTAINS
197,38,CONTAINS
197,24,CONTAINS
198,33,CONTAINS
198,47,CONTAINS
198,197,CONTAINS
199,91,CONTAINS
199,82,CONTAINS
199,127,CONTAINS
199,109,CONTAINS
200,178,CONTAINS
200,106,CONTAINS
200,155,CONTAINS
200,163,CONTAINS
201,36,CONTAINS
201,168,CONTAINS
201,63,CONTAINS
202,108,CONTAINS
202,141,CONTAINS
202,128,CONTAINS
202,138,CONTAINS
203,127,CONTAINS
203,137,CONTAINS
203,138,CONTAINS
203,59,CONTAINS
203,99,CONTAINS
204,149,CONTAINS
205,135,CONTAINS
205,148,CONTAINS
205,199,CONTAINS
205,178,CONTAINS
206,180,CONTAINS
206,23,CONTAINS
207,93,CONTAINS
207,1,CONTAINS
208,5,CONTAINS
208,93,CONTAINS
209,122,CONTAINS
209,35,CONTAINS
209,29,CONTAINS
209,16,CONTAINS
209,90,CONTAINS
210,200,CONTAINS
210,36,CONTAINS
210,76,CONTAINS
211,37,CONTAINS
211,142,CONTAINS
211,108,CONTAINS
211,63,CONTAINS
212,58,CONTAINS
212,15,CONTAINS
213,31,CONTAINS
213,179,CONTAINS
214,97,CONTAINS
214,188,CONTAINS
215,179,CONTAINS
216,96,CONTAINS
216,14,CONTAINS
216,180,CONTAINS
216,28,CONTAINS
217,19,CONTAINS
217,123,CONTAINS
217,153,CONTAINS
217,41,CONTAINS
217,8,CONTAINS
218,94,CONTAINS
218,37,CONTAINS
219,63,CONTAINS
220,4,CONTAINS
221,107,CONTAINS
221,39,CONTAINS
221,196,CONTAINS
221,47,CONTAINS
221,121,CONTAINS
222,192,CONTAINS
222,136,CONTAINS
223,121,CONTAINS
223,106,CONTAINS
223,185,CONTAINS
224,114,CONTAINS
224,166,CONTAINS
224,178,CONTAINS
225,74,CONTAINS
226,40,CONTAINS
227,165,CONTAINS
228,155,CONTAINS
229,129,CONTAINS
229,42,CONTAINS
230,102,CONTAINS
231,175,CONTAINS
231,117,CONTAINS
231,142,CONTAINS
231,183,CONTAINS
232,147,CONTAINS
232,129,CONTAINS
232,79,CONTAINS
233,109,CONTAINS
233,41,CONTAINS
234,24,CONTAINS
234,134,CONTAINS
234,97,CONTAINS
235,191,CONTAINS
235,55,CONTAINS
236,159,CONTAINS
236,15,CONTAINS
236,57,CONTAINS
236,101,CONTAINS
237,191,CONTAINS
237,144,CONTAINS
238,20,CONTAINS
238,178,CONTAINS
238,120,CONTAINS
238,123,CONTAINS
238,81,CONTAINS
239,98,CONTAINS
239,43,CONTAINS
239,14,CONTAINS
239,96,CONTAINS
240,50,CONTAINS
240,70,CONTAINS
240,28,CONTAINS
240,27,CONTAINS
241,93,CONTAINS
242,200,CONTAINS
242,86,CONTAINS
242,8,CONTAINS
242,62,CONTAINS
242,73,CONTAINS
243,139,CONTAINS
243,28,CONTAINS
244,55,CONTAINS
245,3,CONTAINS
245,194,CONTAINS
245,80,CONTAINS
245,49,CONTAINS
245,142,CONTAINS
246,164,CONTAINS
246,9,CONTAINS
247,69,CONTAINS
247,22,CONTAINS
248,145,CONTAINS
248,12,CONTAINS
248,124,CONTAINS
248,13,CONTAINS
248,81,CONTAINS
249,80,CONTAINS
250,92,CONTAINS
251,102,CONTAINS
251,129,CONTAINS
251,50,CONTAINS
252,193,CONTAINS
252,101,CONTAINS
252,186,CONTAINS
253,34,CONTAINS
253,180,CONTAINS
253,173,CONTAINS
254,85,CONTAINS
255,190,CONTAINS
255,129,CONTAINS
255,26,CONTAINS
255,199,CONTAINS
256,7,CONTAINS
256,151,CONTAINS
257,123,CONTAINS
257,151,CONTAINS
257,10,CONTAINS
257,75,CONTAINS
258,39,CONTAINS
258,175,CONTAINS
259,21,CONTAINS
259,161,CONTAINS
259,24,CONTAINS
259,184,CONTAINS
260,56,CONTAINS
260,175,CONTAINS
261,197,CONTAINS
261,184,CONTAINS
262,129,CONTAINS
262,133,CONTAINS
263,167,CONTAINS
263,134,CONTAINS
263,197,CONTAINS
263,88,CONTAINS
263,115,CONTAINS
264,87,CONTAINS
264,75,CONTAINS
265,160,CONTAINS
265,111,CONTAINS
265,11,CONTAINS
266,62,CONTAINS
266,54,CONTAINS
266,157,CONTAINS
266,156,CONTAINS
267,40,CONTAINS
268,161,CONTAINS
268,128,CONTAINS
268,25,CONTAINS
268,4,CONTAINS
268,37,CONTAINS
269,141,CONTAINS
269,23,CONTAINS
269,128,CONTAINS
270,117,CONTAINS
271,44,CONTAINS
271,76,CONTAINS
271,42,CONTAINS
272,72,CONTAINS
273,94,CONTAINS
273,91,CONTAINS
273,23,CONTAINS
273,19,CONTAINS
273,46,CONTAINS
274,67,CONTAINS
274,122,CONTAINS
274,66,CONTAINS
274,196,CONTAINS
275,167,CONTAINS
275,36,CONTAINS
275,32,CONTAINS
275,146,CONTAINS
276,11,CONTAINS
276,94,CONTAINS
276,74,CONTAINS
276,103,CONTAINS
277,159,CONTAINS
277,175,CONTAINS
277,34,CONTAINS
277,113,CONTAINS
278,132,CONTAINS
278,160,CONTAINS
278,81,CONTAINS
279,22,CONTAINS
279,175,CONTAINS
279,106,CONTAINS
280,116,CONTAINS
280,68,CONTAINS
280,175,CONTAINS
280,11,CONTAINS
280,159,CONTAINS
281,190,CONTAINS
282,180,CONTAINS
282,144,CONTAINS
283,40,CONTAINS
284,75,CONTAINS
285,41,CONTAINS
285,146,CONTAINS
285,103,CONTAINS
285,19,CONTAINS
286,100,CONTAINS
286,119,CONTAINS
287,90,CONTAINS
288,120,CONTAINS
288,165,CONTAINS
288,137,CONTAINS
288,28,CONTAINS
289,47,CONTAINS
290,102,CONTAINS
291,52,CONTAINS
291,103,CONTAINS
291,85,CONTAINS
291,17,CONTAINS
292,88,CONTAINS
292,155,CONTAINS
292,125,CONTAINS
293,180,CONTAINS
293,190,CONTAINS
294,30,CONTAINS
294,72,CONTAINS
294,117,CONTAINS
294,10,CONTAINS
295,40,CONTAINS
295,121,CONTAINS
295,38,CONTAINS
295,164,CONTAINS
295,55,CONTAINS
296,146,CONTAINS
296,9,CONTAINS
296,154,CONTAINS
297,16,CONTAINS
297,93,CONTAINS
297,111,CONTAINS
297,122,CONTAINS
298,14,CONTAINS
298,55,CONTAINS
299,195,CONTAINS
300,70,CONTAINS
300,65,CONTAINS
300,163,CONTAINS
300,46,CONTAINS
301,37,CONTAINS
302,71,CONTAINS
303,21,CONTAINS
303,77,CONTAINS
303,183,CONTAINS
303,116,CONTAINS
304,135,CONTAINS
304,55,CONTAINS
304,172,CONTAINS
304,67,CONTAINS
305,14,CONTAINS
305,24,CONTAINS
306,88,CONTAINS
306,193,CONTAINS
306,77,CONTAINS
306,43,CONTAINS
307,90,CONTAINS
307,108,CONTAINS
308,122,CONTAINS
308,138,CONTAINS
308,177,CONTAINS
308,42,CONTAINS
309,91,CONTAINS
309,178,CONTAINS
309,147,CONTAINS
309,100,CONTAINS
310,144,CONTAINS
311,51,CONTAINS
311,20,CONTAINS
311,186,CONTAINS
311,171,CONTAINS
311,149,CONTAINS
312,38,CONTAINS
312,83,CONTAINS
312,171,CONTAINS
312,188,CONTAINS
312,191,CONTAINS
313,4,CONTAINS
313,39,CONTAINS
313,118,CONTAINS
314,128,CONTAINS
314,82,CONTAINS
315,173,CONTAINS
316,68,CONTAINS
316,134,CONTAINS
316,185,CONTAINS
316,1,CONTAINS
317,33,CONTAINS
317,163,CONTAINS
317,116,CONTAINS
317,164,CONTAINS
318,25,CONTAINS
318,10,CONTAINS
318,56,CONTAINS
318,191,CONTAINS
318,49,CONTAINS
319,179,CONTAINS
319,140,CONTAINS
319,199,CONTAINS
319,43,CONTAINS
320,97,CONTAINS
320,56,CONTAINS
320,90,CONTAINS
320,54,CONTAINS
320,49,CONTAINS
321,4,CONTAINS
321,95,CONTAINS
321,94,CONTAINS
321,5,CONTAINS
321,78,CONTAINS
322,129,CONTAINS
322,32,CONTAINS
322,180,CONTAINS
323,167,CONTAINS
323,117,CONTAINS
323,106,CONTAINS
323,91,CONTAINS
324,139,CONTAINS
324,110,CONTAINS
324,134,CONTAINS
325,30,CONTAINS
325,46,CONTAINS
325,118,CONTAINS
326,96,CONTAINS
326,46,CONTAINS
326,142,CONTAINS
326,153,CONTAINS
327,139,CONTAINS
327,112,CONTAINS
328,73,CONTAINS
328,169,CONTAINS
328,177,CONTAINS
328,175,CONTAINS
329,163,CONTAINS
329,73,CONTAINS
329,180,CONTAINS
329,159,CONTAINS
330,23,CONTAINS
331,23,CONTAINS
332,158,CONTAINS
333,27,CONTAINS
333,128,CONTAINS
333,192,CONTAINS
333,193,CONTAINS
334,140,CONTAINS
334,26,CONTAINS
334,163,CONTAINS
334,114,CONTAINS
334,129,CONTAINS
335,9,CONTAINS
335,171,CONTAINS
335,75,CONTAINS
335,108,CONTAINS
335,55,CONTAINS
336,199,CONTAINS
336,117,CONTAINS
337,98,CONTAINS
337,30,CONTAINS
337,51,CONTAINS
337,121,CONTAINS
337,32,CONTAINS
338,119,CONTAINS
338,106,CONTAINS
338,166,CONTAINS
339,2,CONTAINS
339,96,CONTAINS
339,58,CONTAINS
339,130,CONTAINS
340,69,CONTAINS
340,169,CONTAINS
340,68,CONTAINS
341,107,CONTAINS
341,173,CONTAINS
341,62,CONTAINS
342,107,CONTAINS
343,4,CONTAINS
344,40,CONTAINS
345,133,CONTAINS
345,190,CONTAINS
345,154,CONTAINS
346,86,CONTAINS
346,44,CONTAINS
346,147,CONTAINS
347,62,CONTAINS
347,143,CONTAINS
347,101,CONTAINS
347,50,CONTAINS
348,165,CONTAINS
348,101,CONTAINS
348,14,CONTAINS
348,148,CONTAINS
348,110,CONTAINS
349,163,CONTAINS
349,100,CONTAINS
350,104,CONTAINS
350,82,CONTAINS
351,41,CONTAINS
351,112,CONTAINS
351,60,CONTAINS
351,26,CONTAINS
351,182,CONTAINS
352,130,CONTAINS
352,31,CONTAINS
353,101,CONTAINS
353,196,CONTAINS
353,161,CONTAINS
353,67,CONTAINS
353,142,CONTAINS
354,83,CONTAINS
354,53,CONTAINS
355,24,CONTAINS
356,112,CONTAINS
357,161,CONTAINS
358,40,CONTAINS
358,8,CONTAINS
358,159,CONTAINS
358,182,CONTAINS
358,140,CONTAINS
359,147,CONTAINS
360,7,CONTAINS
360,191,CONTAINS
360,188,CONTAINS
360,34,CONTAINS
361,163,CONTAINS
361,162,CONTAINS
361,200,CONTAINS
361,92,CONTAINS
362,62,CONTAINS
362,168,CONTAINS
363,77,CONTAINS
363,50,CONTAINS
364,63,CONTAINS
364,186,CONTAINS
364,200,CONTAINS
364,97,CONTAINS
364,198,CONTAINS
365,169,CONTAINS
365,14,CONTAINS
365,71,CONTAINS
366,37,CONTAINS
367,164,CONTAINS
368,27,CONTAINS
368,29,CONTAINS
368,118,CONTAINS
368,153,CONTAINS
368,32,CONTAINS
369,37,CONTAINS
370,68,CONTAINS
370,47,CONTAINS
370,24,CONTAINS
371,127,CONTAINS
372,54,CONTAINS
372,101,CONTAINS
372,26,CONTAINS
373,6,CONTAINS
373,106,CONTAINS
373,19,CONTAINS
373,125,CONTAINS
374,54,CONTAINS
375,97,CONTAINS
375,81,CONTAINS
375,163,CONTAINS
375,116,CONTAINS
376,47,CONTAINS
376,77,CONTAINS
377,46,CONTAINS
378,162,CONTAINS
378,156,CONTAINS
378,9,CONTAINS
378,31,CONTAINS
378,88,CONTAINS
379,124,CONTAINS
379,158,CONTAINS
379,154,CONTAINS
380,2,CONTAINS
380,41,CONTAINS
380,134,CONTAINS
380,190,CONTAINS
380,66,CONTAINS
381,50,CONTAINS
382,8,CONTAINS
382,138,CONTAINS
382,6,CONTAINS
382,133,CONTAINS
382,132,CONTAINS
383,56,CONTAINS
383,94,CONTAINS
384,56,CONTAINS
385,84,CONTAINS
386,57,CONTAINS
386,22,CONTAINS
387,69,CONTAINS
387,71,CONTAINS
388,52,CONTAINS
388,24,CONTAINS
388,90,CONTAINS
388,182,CONTAINS
389,167,CONTAINS
389,76,CONTAINS
389,120,CONTAINS
389,191,CONTAINS
389,127,CONTAINS
390,132,CONTAINS
390,103,CONTAINS
390,50,CONTAINS
390,65,CONTAINS
391,51,CONTAINS
391,176,CONTAINS
392,101,CONTAINS
392,27,CONTAINS
392,150,CONTAINS
393,80,CONTAINS
393,43,CONTAINS
393,53,CONTAINS
393,185,CONTAINS
393,125,CONTAINS
394,115,CONTAINS
394,109,CONTAINS
394,153,CONTAINS
394,192,CONTAINS
395,82,CONTAINS
395,160,CONTAINS
395,28,CONTAINS
396,99,CONTAINS
396,110,CONTAINS
396,52,CONTAINS
396,146,CONTAINS
396,91,CONTAINS
397,162,CONTAINS
397,17,CONTAINS
397,116,CONTAINS
398,9,CONTAINS
398,131,CONTAINS
399,151,CONTAINS
399,105,CONTAINS
399,76,CONTAINS
400,166,CONTAINS
400,136,CONTAINS
400,91,CONTAINS
400,102,CONTAINS
400,8,CONTAINS
401,47,CONTAINS
402,110,CONTAINS
402,48,CONTAINS
402,92,CONTAINS
403,19,CONTAINS
403,56,CONTAINS
404,96,CONTAINS
404,38,CONTAINS
404,200,CONTAINS
405,32,CONTAINS
405,3,CONTAINS
405,82,CONTAINS
406,184,CONTAINS
407,55,CONTAINS
407,120,CONTAINS
407,146,CONTAINS
408,60,CONTAINS
408,144,CONTAINS
408,17,CONTAINS
409,73,CONTAINS
409,155,CONTAINS
409,55,CONTAINS
409,135,CONTAINS
410,27,CONTAINS
410,144,CONTAINS
411,184,CONTAINS
411,156,CONTAINS
411,172,CONTAINS
412,147,CONTAINS
413,175,CONTAINS
413,194,CONTAINS
413,112,CONTAINS
413,82,CONTAINS
414,51,CONTAINS
414,13,CONTAINS
414,127,CONTAINS
415,12,CONTAINS
415,71,CONTAINS
415,108,CONTAINS
415,31,CONTAINS
416,116,CONTAINS
417,154,CONTAINS
417,84,CONTAINS
418,99,CONTAINS
418,61,CONTAINS
418,148,CONTAINS
418,6,CONTAINS
418,73,CONTAINS
419,165,CONTAINS
420,2,CONTAINS
420,119,CONTAINS
420,73,CONTAINS
420,34,CONTAINS
420,104,CONTAINS
421,137,CONTAINS
422,11,CONTAINS
422,87,CONTAINS
422,166,CONTAINS
422,5,CONTAINS
422,18,CONTAINS
423,25,CONTAINS
423,107,CONTAINS
423,186,CONTAINS
423,78,CONTAINS
424,82,CONTAINS
424,193,CONTAINS
424,89,CONTAINS
425,21,CONTAINS
425,143,CONTAINS
425,199,CONTAINS
425,81,CONTAINS
426,157,CONTAINS
426,13,CONTAINS
426,101,CONTAINS
426,77,CONTAINS
427,127,CONTAINS
427,165,CONTAINS
427,32,CONTAINS
427,96,CONTAINS
428,27,CONTAINS
428,8,CONTAINS
428,58,CONTAINS
428,13,CONTAINS
428,3,CONTAINS
429,27,CONTAINS
429,83,CONTAINS
430,58,CONTAINS
430,44,CONTAINS
430,23,CONTAINS
430,49,CONTAINS
431,138,CONTAINS
431,2,CONTAINS
431,177,CONTAINS
432,67,CONTAINS
433,29,CONTAINS
434,78,CONTAINS
435,68,CONTAINS
436,177,CONTAINS
436,157,CONTAINS
436,98,CONTAINS
437,179,CONTAINS
437,44,CONTAINS
437,36,CONTAINS
438,118,CONTAINS
438,31,CONTAINS
438,33,CONTAINS
438,82,CONTAINS
438,38,CONTAINS
439,106,CONTAINS
439,164,CONTAINS
439,115,CONTAINS
439,172,CONTAINS
439,32,CONTAINS
440,136,CONTAINS
440,62,CONTAINS
440,148,CONTAINS
440,123,CONTAINS
440,170,CONTAINS
441,72,CONTAINS
441,83,CONTAINS
441,198,CONTAINS
441,188,CONTAINS
442,58,CONTAINS
442,24,CONTAINS
442,68,CONTAINS
442,197,CONTAINS
443,183,CONTAINS
443,22,CONTAINS
443,91,CONTAINS
444,63,CONTAINS
444,169,CONTAINS
444,166,CONTAINS
444,189,CONTAINS
444,53,CONTAINS
445,20,CONTAINS
446,16,CONTAINS
446,55,CONTAINS
446,4,CONTAINS
446,172,CONTAINS
447,120,CONTAINS
447,99,CONTAINS
448,125,CONTAINS
448,27,CONTAINS
449,54,CONTAINS
449,152,CONTAINS
449,195,CONTAINS
450,132,CONTAINS
450,81,CONTAINS
450,195,CONTAINS
450,80,CONTAINS
450,182,CONTAINS
451,168,CONTAINS
451,40,CONTAINS
451,130,CONTAINS
451,28,CONTAINS
452,57,CONTAINS
452,94,CONTAINS
453,116,CONTAINS
453,159,CONTAINS
453,132,CONTAINS
453,52,CONTAINS
454,49,CONTAINS
454,18,CONTAINS
454,72,CONTAINS
454,109,CONTAINS
455,176,CONTAINS
455,79,CONTAINS
456,166,CONTAINS
456,27,CONTAINS
456,38,CONTAINS
456,119,CONTAINS
456,28,CONTAINS
457,62,CONTAINS
458,118,CONTAINS
459,69,CONTAINS
459,8,CONTAINS
460,170,CONTAINS
460,136,CONTAINS
460,116,CONTAINS
460,91,CONTAINS
461,31,CONTAINS
461,141,CONTAINS
461,22,CONTAINS
462,111,CONTAINS
462,55,CONTAINS
462,39,CONTAINS
463,129,CONTAINS
463,111,CONTAINS
463,131,CONTAINS
463,86,CONTAINS
464,113,CONTAINS
465,95,CONTAINS
465,26,CONTAINS
465,13,CONTAINS
466,188,CONTAINS
466,109,CONTAINS
466,50,CONTAINS
466,76,CONTAINS
467,104,CONTAINS
467,46,CONTAINS
468,71,CONTAINS
468,136,CONTAINS
468,156,CONTAINS
468,127,CONTAINS
468,133,CONTAINS
469,28,CONTAINS
469,175,CONTAINS
469,13,CONTAINS
469,166,CONTAINS
470,29,CONTAINS
470,57,CONTAINS
471,14,CONTAINS
472,148,CONTAINS
473,62,CONTAINS
473,17,CONTAINS
473,137,CONTAINS
474,71,CONTAINS
475,159,CONTAINS
475,180,CONTAINS
476,101,CONTAINS
476,26,CONTAINS
476,57,CONTAINS
476,188,CONTAINS
477,127,CONTAINS
477,53,CONTAINS
477,44,CONTAINS
478,89,CONTAINS
478,164,CONTAINS
479,181,CONTAINS
479,153,CONTAINS
479,74,CONTAINS
480,25,CONTAINS
481,129,CONTAINS
481,180,CONTAINS
482,123,CONTAINS
482,190,CONTAINS
482,79,CONTAINS
482,177,CONTAINS
482,62,CONTAINS
483,81,CONTAINS
483,175,CONTAINS
484,43,CONTAINS
485,86,CONTAINS
485,117,CONTAINS
486,4,CONTAINS
486,171,CONTAINS
487,110,CONTAINS
487,86,CONTAINS
487,6,CONTAINS
487,46,CONTAINS
488,20,CONTAINS
488,44,CONTAINS
488,174,CONTAINS
489,153,CONTAINS
490,122,CONTAINS
490,150,CONTAINS
490,1,CONTAINS
491,64,CONTAINS
491,121,CONTAINS
491,29,CONTAINS
491,12,CONTAINS
492,146,CONTAINS
493,59,CONTAINS
493,135,CONTAINS
493,129,CONTAINS
494,194,CONTAINS
494,38,CONTAINS
495,26,CONTAINS
496,189,CONTAINS
496,86,CONTAINS
496,116,CONTAINS
497,189,CONTAINS
497,90,CONTAINS
497,140,CONTAINS
497,66,CONTAINS
498,65,CONTAINS
498,94,CONTAINS
498,118,CONTAINS
498,4,CONTAINS
499,78,CONTAINS
499,182,CONTAINS
499,86,CONTAINS
500,199,CONTAINS
500,170,CONTAINS
500,153,CONTAINS
500,124,CONTAINS
500,29,CONTAINS
501,176,CONTAINS
501,133,CONTAINS
501,187,CONTAINS
502,38,CONTAINS
503,57,CONTAINS
503,169,CONTAINS
503,37,CONTAINS
503,92,CONTAINS
504,8,CONTAINS
504,63,CONTAINS
504,148,CONTAINS
504,190,CONTAINS
505,93,CONTAINS
505,53,CONTAINS
505,191,CONTAINS
505,23,CONTAINS
506,97,CONTAINS
506,164,CONTAINS
507,71,CONTAINS
508,116,CONTAINS
508,135,CONTAINS
508,45,CONTAINS
508,68,CONTAINS
508,174,CONTAINS
509,85,CONTAINS
509,101,CONTAINS
509,151,CONTAINS
510,71,CONTAINS
510,80,CONTAINS
510,49,CONTAINS
510,11,CONTAINS
511,134,CONTAINS
511,180,CONTAINS
511,88,CONTAINS
511,157,CONTAINS
511,32,CONTAINS
512,117,CONTAINS
512,146,CONTAINS
512,89,CONTAINS
512,74,CONTAINS
513,3,CONTAINS
514,176,CONTAINS
514,38,CONTAINS
514,120,CONTAINS
514,175,CONTAINS
515,134,CONTAINS
515,75,CONTAINS
516,143,CONTAINS
516,171,CONTAINS
516,42,CONTAINS
516,78,CONTAINS
516,125,CONTAINS
517,17,CONTAINS
517,76,CONTAINS
517,4,CONTAINS
518,11,CONTAINS
518,56,CONTAINS
518,73,CONTAINS
518,152,CONTAINS
519,14,CONTAINS
520,79,CONTAINS
520,2,CONTAINS
520,111,CONTAINS
520,91,CONTAINS
521,13,CONTAINS
522,36,CONTAINS
522,90,CONTAINS
522,73,CONTAINS
523,171,CONTAINS
523,197,CONTAINS
523,144,CONTAINS
523,40,CONTAINS
523,23,CONTAINS
524,37,CONTAINS
524,188,CONTAINS
524,51,CONTAINS
525,150,CONTAINS
525,21,CONTAINS
525,75,CONTAINS
525,57,CONTAINS
526,122,CONTAINS
527,64,CONTAINS
527,174,CONTAINS
527,164,CONTAINS
528,109,CONTAINS
528,103,CONTAINS
528,26,CONTAINS
528,67,CONTAINS
529,153,CONTAINS
529,80,CONTAINS
529,45,CONTAINS
530,112,CONTAINS
530,174,CONTAINS
530,83,CONTAINS
530,149,CONTAINS
530,36,CONTAINS
531,65,CONTAINS
531,35,CONTAINS
532,142,CONTAINS
532,52,CONTAINS
532,78,CONTAINS
532,79,CONTAINS
533,77,CONTAINS
534,161,CONTAINS
534,119,CONTAINS
534,140,CONTAINS
534,47,CONTAINS
534,97,CONTAINS
535,25,CONTAINS
535,36,CONTAINS
535,135,CONTAINS
535,114,CONTAINS
536,129,CONTAINS
536,176,CONTAINS
536,183,CONTAINS
537,120,CONTAINS
537,91,CONTAINS
537,110,CONTAINS
538,108,CONTAINS
538,106,CONTAINS
538,119,CONTAINS
538,8,CONTAINS
539,7,CONTAINS
539,197,CONTAINS
539,108,CONTAINS
539,23,CONTAINS
539,194,CONTAINS
540,158,CONTAINS
540,78,CONTAINS
541,149,CONTAINS
541,132,CONTAINS
542,33,CONTAINS
542,159,CONTAINS
542,140,CONTAINS
543,76,CONTAINS
543,14,CONTAINS
543,194,CONTAINS
543,101,CONTAINS
543,33,CONTAINS
544,172,CONTAINS
544,2,CONTAINS
544,119,CONTAINS
544,196,CONTAINS
545,118,CONTAINS
545,14,CONTAINS
545,22,CONTAINS
545,15,CONTAINS
545,70,CONTAINS
546,86,CONTAINS
547,25,CONTAINS
547,75,CONTAINS
547,145,CONTAINS
547,124,CONTAINS
547,177,CONTAINS
548,16,CONTAINS
548,32,CONTAINS
548,190,CONTAINS
549,173,CONTAINS
549,131,CONTAINS
549,190,CONTAINS
549,184,CONTAINS
549,14,CONTAINS
550,133,CONTAINS
550,37,CONTAINS
551,190,CONTAINS
551,127,CONTAINS
551,35,CONTAINS
551,58,CONTAINS
551,173,CONTAINS
552,78,CONTAINS
552,161,CONTAINS
553,185,CONTAINS
553,2,CONTAINS
553,125,CONTAINS
554,177,CONTAINS
554,52,CONTAINS
554,30,CONTAINS
554,18,CONTAINS
554,1,CONTAINS
555,155,CONTAINS
555,31,CONTAINS
556,25,CONTAINS
556,64,CONTAINS
556,53,CONTAINS
556,27,CONTAINS
556,122,CONTAINS
557,130,CONTAINS
558,101,CONTAINS
558,15,CONTAINS
558,32,CONTAINS
558,77,CONTAINS
559,124,CONTAINS
559,48,CONTAINS
559,61,CONTAINS
559,140,CONTAINS
560,157,CONTAINS
560,175,CONTAINS
560,113,CONTAINS
561,32,CONTAINS
561,111,CONTAINS
561,38,CONTAINS
561,163,CONTAINS
561,6,CONTAINS
562,37,CONTAINS
562,191,CONTAINS
563,44,CONTAINS
563,131,CONTAINS
564,52,CONTAINS
564,122,CONTAINS
564,123,CONTAINS
564,75,CONTAINS
564,171,CONTAINS
565,151,CONTAINS
566,95,CONTAINS
566,171,CONTAINS
566,71,CONTAINS
566,101,CONTAINS
567,179,CONTAINS
567,28,CONTAINS
567,119,CONTAINS
567,107,CONTAINS
568,38,CONTAINS
568,8,CONTAINS
568,73,CONTAINS
568,118,CONTAINS
569,145,CONTAINS
570,3,CONTAINS
570,149,CONTAINS
570,78,CONTAINS
570,9,CONTAINS
571,114,CONTAINS
571,11,CONTAINS
571,91,CONTAINS
571,36,CONTAINS
571,120,CONTAINS
572,71,CONTAINS
572,3,CONTAINS
572,41,CONTAINS
572,92,CONTAINS
573,129,CONTAINS
573,54,CONTAINS
573,90,CONTAINS
573,181,CONTAINS
573,135,CONTAINS
574,132,CONTAINS
574,17,CONTAINS
574,45,CONTAINS
574,168,CONTAINS
575,91,CONTAINS
575,168,CONTAINS
576,87,CONTAINS
576,118,CONTAINS
576,184,CONTAINS
576,36,CONTAINS
576,72,CONTAINS
577,101,CONTAINS
577,18,CONTAINS
577,166,CONTAINS
578,97,CONTAINS
578,121,CONTAINS
578,156,CONTAINS
578,169,CONTAINS
579,148,CONTAINS
579,182,CONTAINS
580,199,CONTAINS
580,169,CONTAINS
580,135,CONTAINS
580,67,CONTAINS
580,34,CONTAINS
581,151,CONTAINS
581,149,CONTAINS
581,90,CONTAINS
582,159,CONTAINS
582,104,CONTAINS
582,18,CONTAINS
582,12,CONTAINS
582,8,CONTAINS
583,60,CONTAINS
583,25,CONTAINS
584,128,CONTAINS
585,83,CONTAINS
585,195,CONTAINS
585,60,CONTAINS
585,198,CONTAINS
586,27,CONTAINS
586,45,CONTAINS
587,194,CONTAINS
587,108,CONTAINS
587,17,CONTAINS
587,16,CONTAINS
588,65,CONTAINS
588,30,CONTAINS
588,10,CONTAINS
588,192,CONTAINS
588,19,CONTAINS
589,196,CONTAINS
589,96,CONTAINS
589,156,CONTAINS
589,162,CONTAINS
590,45,CONTAINS
591,28,CONTAINS
591,179,CONTAINS
591,116,CONTAINS
592,35,CONTAINS
592,164,CONTAINS
592,147,CONTAINS
592,143,CONTAINS
593,51,CONTAINS
593,65,CONTAINS
594,113,CONTAINS
594,174,CONTAINS
594,74,CONTAINS
594,58,CONTAINS
595,190,CONTAINS
595,42,CONTAINS
596,136,CONTAINS
596,50,CONTAINS
596,23,CONTAINS
596,150,CONTAINS
597,162,CONTAINS
598,53,CONTAINS
599,36,CONTAINS
600,93,CONTAINS
601,146,CONTAINS
601,140,CONTAINS
601,19,CONTAINS
601,88,CONTAINS
602,175,CONTAINS
602,187,CONTAINS
603,128,CONTAINS
603,49,CONTAINS
603,54,CONTAINS
603,147,CONTAINS
603,122,CONTAINS
604,91,CONTAINS
604,92,CONTAINS
604,159,CONTAINS
604,144,CONTAINS
604,36,CONTAINS
605,113,CONTAINS
606,161,CONTAINS
606,97,CONTAINS
606,19,CONTAINS
606,146,CONTAINS
607,33,CONTAINS
608,77,CONTAINS
608,26,CONTAINS
608,31,CONTAINS
608,128,CONTAINS
608,60,CONTAINS
609,154,CONTAINS
610,85,CONTAINS
610,6,CONTAINS
610,58,CONTAINS
610,75,CONTAINS
610,65,CONTAINS
611,181,CONTAINS
611,92,CONTAINS
611,18,CONTAINS
611,41,CONTAINS
612,20,CONTAINS
612,137,CONTAINS
612,148,CONTAINS
613,133,CONTAINS
613,157,CONTAINS
614,80,CONTAINS
614,103,CONTAINS
614,159,CONTAINS
614,15,CONTAINS
614,140,CONTAINS
615,150,CONTAINS
616,68,CONTAINS
616,168,CONTAINS
616,8,CONTAINS
616,9,CONTAINS
617,108,CONTAINS
617,67,CONTAINS
617,52,CONTAINS
618,196,CONTAINS
618,16,CONTAINS
618,36,CONTAINS
619,141,CONTAINS
619,188,CONTAINS
620,194,CONTAINS
620,170,CONTAINS
620,16,CONTAINS
621,127,CONTAINS
621,19,CONTAINS
622,157,CONTAINS
622,180,CONTAINS
622,196,CONTAINS
622,10,CONTAINS
622,89,CONTAINS
623,107,CONTAINS
624,190,CONTAINS
624,157,CONTAINS
624,21,CONTAINS
624,142,CONTAINS
624,123,CONTAINS
625,70,CONTAINS
625,186,CONTAINS
626,27,CONTAINS
627,128,CONTAINS
628,58,CONTAINS
628,167,CONTAINS
628,90,CONTAINS
628,111,CONTAINS
628,123,CONTAINS
629,59,CONTAINS
629,6,CONTAINS
629,15,CONTAINS
630,199,CONTAINS
631,137,CONTAINS
631,156,CONTAINS
632,175,CONTAINS
632,176,CONTAINS
632,189,CONTAINS
632,5,CONTAINS
633,124,CONTAINS
633,14,CONTAINS
633,100,CONTAINS
633,197,CONTAINS
633,97,CONTAINS
634,111,CONTAINS
634,180,CONTAINS
635,141,CONTAINS
635,36,CONTAINS
635,30,CONTAINS
635,113,CONTAINS
636,158,CONTAINS
637,91,CONTAINS
637,50,CONTAINS
637,88,CONTAINS
638,15,CONTAINS
638,61,CONTAINS
638,60,CONTAINS
638,24,CONTAINS
639,3,CONTAINS
639,59,CONTAINS
639,106,CONTAINS
639,192,CONTAINS
639,193,CONTAINS
640,146,CONTAINS
640,12,CONTAINS
640,4,CONTAINS
640,185,CONTAINS
640,64,CONTAINS
641,20,CONTAINS
642,33,CONTAINS
643,47,CONTAINS
643,73,CONTAINS
643,12,CONTAINS
643,81,CONTAINS
644,155,CONTAINS
644,168,CONTAINS
644,63,CONTAINS
645,34,CONTAINS
645,156,CONTAINS
645,102,CONTAINS
646,169,CONTAINS
646,32,CONTAINS
646,20,CONTAINS
646,65,CONTAINS
647,53,CONTAINS
647,127,CONTAINS
647,181,CONTAINS
647,189,CONTAINS
647,92,CONTAINS
648,114,CONTAINS
648,183,CONTAINS
649,94,CONTAINS
649,200,CONTAINS
649,142,CONTAINS
650,168,CONTAINS
650,63,CONTAINS
650,135,CONTAINS
651,82,CONTAINS
651,179,CONTAINS
651,139,CONTAINS
652,27,CONTAINS
652,14,CONTAINS
652,89,CONTAINS
652,106,CONTAINS
652,181,CONTAINS
653,125,CONTAINS
653,72,CONTAINS
653,21,CONTAINS
653,53,CONTAINS
653,36,CONTAINS
654,60,CONTAINS
654,79,CONTAINS
654,190,CONTAINS
654,142,CONTAINS
654,54,CONTAINS
655,96,CONTAINS
656,10,CONTAINS
656,61,CONTAINS
657,167,CONTAINS
657,196,CONTAINS
657,117,CONTAINS
657,30,CONTAINS
658,128,CONTAINS
659,70,CONTAINS
660,151,CONTAINS
660,99,CONTAINS
660,77,CONTAINS
661,16,CONTAINS
662,157,CONTAINS
662,99,CONTAINS
662,127,CONTAINS
663,98,CONTAINS
664,114,CONTAINS
664,12,CONTAINS
664,58,CONTAINS
664,53,CONTAINS
665,48,CONTAINS
665,169,CONTAINS
665,111,CONTAINS
665,137,CONTAINS
666,170,CONTAINS
667,9,CONTAINS
667,139,CONTAINS
667,196,CONTAINS
668,7,CONTAINS
668,156,CONTAINS
668,194,CONTAINS
669,68,CONTAINS
669,193,CONTAINS
669,152,CONTAINS
670,194,CONTAINS
670,8,CONTAINS
671,186,CONTAINS
671,160,CONTAINS
671,112,CONTAINS
672,187,CONTAINS
672,189,CONTAINS
672,193,CONTAINS
672,15,CONTAINS
673,142,CONTAINS
674,185,CONTAINS
674,174,CONTAINS
674,74,CONTAINS
674,137,CONTAINS
675,109,CONTAINS
675,147,CONTAINS
675,185,CONTAINS
675,146,CONTAINS
676,67,CONTAINS
676,42,CONTAINS
676,98,CONTAINS
676,120,CONTAINS
676,191,CONTAINS
677,34,CONTAINS
677,4,CONTAINS
678,175,CONTAINS
678,71,CONTAINS
678,22,CONTAINS
679,198,CONTAINS
679,139,CONTAINS
680,87,CONTAINS
680,147,CONTAINS
680,102,CONTAINS
681,158,CONTAINS
682,93,CONTAINS
682,69,CONTAINS
682,169,CONTAINS
683,168,CONTAINS
683,198,CONTAINS
683,156,CONTAINS
684,32,CONTAINS
685,146,CONTAINS
685,170,CONTAINS
685,83,CONTAINS
686,46,CONTAINS
686,114,CONTAINS
686,119,CONTAINS
687,113,CONTAINS
688,120,CONTAINS
689,92,CONTAINS
690,164,CONTAINS
690,143,CONTAINS
690,56,CONTAINS
690,105,CONTAINS
691,149,CONTAINS
692,71,CONTAINS
693,142,CONTAINS
693,81,CONTAINS
693,17,CONTAINS
693,113,CONTAINS
693,47,CONTAINS
694,197,CONTAINS
694,71,CONTAINS
694,67,CONTAINS
695,33,CONTAINS
695,59,CONTAINS
695,162,CONTAINS
695,45,CONTAINS
696,159,CONTAINS
696,168,CONTAINS
697,60,CONTAINS
698,168,CONTAINS
699,48,CONTAINS
700,113,CONTAINS
700,149,CONTAINS
700,82,CONTAINS
700,11,CONTAINS
700,142,CONTAINS
701,16,CONTAINS
701,183,CONTAINS
702,66,CONTAINS
702,5,CONTAINS
702,174,CONTAINS
703,139,CONTAINS
703,184,CONTAINS
703,12,CONTAINS
704,61,CONTAINS
704,90,CONTAINS
704,28,CONTAINS
704,20,CONTAINS
704,130,CONTAINS
705,29,CONTAINS
705,131,CONTAINS
705,20,CONTAINS
705,61,CONTAINS
706,84,CONTAINS
706,147,CONTAINS
707,175,CONTAINS
707,107,CONTAINS
707,19,CONTAINS
708,73,CONTAINS
708,37,CONTAINS
708,7,CONTAINS
708,84,CONTAINS
709,93,CONTAINS
709,86,CONTAINS
709,105,CONTAINS
709,167,CONTAINS
709,96,CONTAINS
710,76,CONTAINS
710,160,CONTAINS
710,8,CONTAINS
710,42,CONTAINS
711,12,CONTAINS
711,75,CONTAINS
711,39,CONTAINS
712,7,CONTAINS
712,28,CONTAINS
712,156,CONTAINS
712,55,CONTAINS
712,81,CONTAINS
713,184,CONTAINS
713,200,CONTAINS
713,190,CONTAINS
713,131,CONTAINS
713,149,CONTAINS
714,56,CONTAINS
714,97,CONTAINS
714,150,CONTAINS
715,169,CONTAINS
716,98,CONTAINS
716,196,CONTAINS
717,20,CONTAINS
718,145,CONTAINS
718,129,CONTAINS
719,162,CONTAINS
719,141,CONTAINS
719,188,CONTAINS
719,108,CONTAINS
719,138,CONTAINS
720,136,CONTAINS
721,156,CONTAINS
722,169,CONTAINS
722,135,CONTAINS
722,134,CONTAINS
722,113,CONTAINS
723,69,CONTAINS
723,50,CONTAINS
723,148,CONTAINS
724,63,CONTAINS
724,85,CONTAINS
724,197,CONTAINS
725,60,CONTAINS
725,117,CONTAINS
725,81,CONTAINS
726,178,CONTAINS
727,114,CONTAINS
727,188,CONTAINS
728,93,CONTAINS
728,21,CONTAINS
728,91,CONTAINS
728,144,CONTAINS
729,20,CONTAINS
729,93,CONTAINS
729,168,CONTAINS
729,124,CONTAINS
729,155,CONTAINS
730,115,CONTAINS
730,108,CONTAINS
731,146,CONTAINS
731,33,CONTAINS
732,63,CONTAINS
732,199,CONTAINS
732,105,CONTAINS
732,173,CONTAINS
732,150,CONTAINS
733,156,CONTAINS
733,67,CONTAINS
734,88,CONTAINS
734,81,CONTAINS
734,31,CONTAINS
735,105,CONTAINS
736,130,CONTAINS
736,38,CONTAINS
736,148,CONTAINS
736,127,CONTAINS
737,47,CONTAINS
737,117,CONTAINS
738,43,CONTAINS
739,108,CONTAINS
740,196,CONTAINS
740,142,CONTAINS
740,183,CONTAINS
741,191,CONTAINS
741,26,CONTAINS
741,33,CONTAINS
741,9,CONTAINS
742,7,CONTAINS
742,177,CONTAINS
742,43,CONTAINS
742,19,CONTAINS
743,132,CONTAINS
743,136,CONTAINS
744,109,CONTAINS
744,91,CONTAINS
744,33,CONTAINS
744,103,CONTAINS
745,62,CONTAINS
745,183,CONTAINS
745,76,CONTAINS
745,31,CONTAINS
745,87,CONTAINS
746,152,CONTAINS
746,156,CONTAINS
746,158,CONTAINS
747,185,CONTAINS
748,19,CONTAINS
749,115,CONTAINS
749,105,CONTAINS
749,162,CONTAINS
750,190,CONTAINS
750,112,CONTAINS
750,75,CONTAINS
750,194,CONTAINS
751,180,CONTAINS
751,35,CONTAINS
751,188,CONTAINS
751,47,CONTAINS
752,131,CONTAINS
752,22,CONTAINS
752,39,CONTAINS
752,2,CONTAINS
752,152,CONTAINS
753,95,CONTAINS
753,173,CONTAINS
753,167,CONTAINS
753,117,CONTAINS
753,98,CONTAINS
754,113,CONTAINS
754,46,CONTAINS
754,131,CONTAINS
755,72,CONTAINS
755,198,CONTAINS
755,25,CONTAINS
755,60,CONTAINS
755,77,CONTAINS
756,88,CONTAINS
756,13,CONTAINS
756,145,CONTAINS
756,133,CONTAINS
757,149,CONTAINS
757,131,CONTAINS
757,110,CONTAINS
757,74,CONTAINS
757,83,CONTAINS
758,82,CONTAINS
758,194,CONTAINS
758,46,CONTAINS
758,37,CONTAINS
759,189,CONTAINS
760,111,CONTAINS
760,133,CONTAINS
761,148,CONTAINS
761,158,CONTAINS
761,81,CONTAINS
762,89,CONTAINS
763,43,CONTAINS
763,31,CONTAINS
763,74,CONTAINS
764,125,CONTAINS
764,113,CONTAINS
764,58,CONTAINS
765,74,CONTAINS
765,67,CONTAINS
766,193,CONTAINS
766,28,CONTAINS
766,60,CONTAINS
766,171,CONTAINS
766,72,CONTAINS
767,25,CONTAINS
767,53,CONTAINS
768,131,CONTAINS
768,194,CONTAINS
768,44,CONTAINS
768,8,CONTAINS
768,154,CONTAINS
769,139,CONTAINS
770,50,CONTAINS
770,2,CONTAINS
770,126,CONTAINS
770,7,CONTAINS
770,95,CONTAINS
771,73,CONTAINS
771,147,CONTAINS
772,188,CONTAINS
772,114,CONTAINS
772,134,CONTAINS
772,33,CONTAINS
773,76,CONTAINS
773,29,CONTAINS
773,184,CONTAINS
773,181,CONTAINS
774,114,CONTAINS
775,127,CONTAINS
775,68,CONTAINS
775,23,CONTAINS
775,36,CONTAINS
776,188,CONTAINS
776,172,CONTAINS
776,30,CONTAINS
777,21,CONTAINS
777,191,CONTAINS
777,57,CONTAINS
778,84,CONTAINS
779,130,CONTAINS
779,86,CONTAINS
780,117,CONTAINS
780,162,CONTAINS
780,189,CONTAINS
781,173,CONTAINS
781,199,CONTAINS
781,19,CONTAINS
781,181,CONTAINS
781,177,CONTAINS
782,10,CONTAINS
782,111,CONTAINS
782,26,CONTAINS
783,82,CONTAINS
783,49,CONTAINS
783,143,CONTAINS
783,170,CONTAINS
783,161,CONTAINS
784,163,CONTAINS
785,63,CONTAINS
786,151,CONTAINS
786,97,CONTAINS
787,173,CONTAINS
787,51,CONTAINS
788,121,CONTAINS
788,39,CONTAINS
788,125,CONTAINS
789,188,CONTAINS
789,128,CONTAINS
790,34,CONTAINS
790,51,CONTAINS
790,163,CONTAINS
791,133,CONTAINS
792,1,CONTAINS
792,112,CONTAINS
793,126,CONTAINS
794,157,CONTAINS
794,54,CONTAINS
794,182,CONTAINS
794,46,CONTAINS
794,10,CONTAINS
795,177,CONTAINS
795,68,CONTAINS
795,158,CONTAINS
795,98,CONTAINS
796,61,CONTAINS
796,164,CONTAINS
796,90,CONTAINS
796,124,CONTAINS
796,136,CONTAINS
797,77,CONTAINS
797,60,CONTAINS
798,172,CONTAINS
798,125,CONTAINS
798,126,CONTAINS
799,154,CONTAINS
799,92,CONTAINS
799,140,CONTAINS
799,124,CONTAINS
800,25,CONTAINS
800,57,CONTAINS
800,29,CONTAINS
801,108,CONTAINS
801,115,CONTAINS
801,84,CONTAINS
802,170,CONTAINS
802,109,CONTAINS
803,46,CONTAINS
804,82,CONTAINS
804,170,CONTAINS
804,30,CONTAINS
804,89,CONTAINS
805,181,CONTAINS
805,33,CONTAINS
805,199,CONTAINS
805,124,CONTAINS
806,154,CONTAINS
806,106,CONTAINS
806,176,CONTAINS
806,61,CONTAINS
807,75,CONTAINS
808,130,CONTAINS
808,56,CONTAINS
808,105,CONTAINS
809,144,CONTAINS
810,67,CONTAINS
810,173,CONTAINS
810,82,CONTAINS
811,101,CONTAINS
811,114,CONTAINS
811,109,CONTAINS
811,103,CONTAINS
812,14,CONTAINS
812,69,CONTAINS
812,125,CONTAINS
813,87,CONTAINS
813,163,CONTAINS
814,79,CONTAINS
815,105,CONTAINS
815,57,CONTAINS
815,147,CONTAINS
815,43,CONTAINS
816,53,CONTAINS
816,200,CONTAINS
816,161,CONTAINS
816,29,CONTAINS
816,158,CONTAINS
817,85,CONTAINS
817,34,CONTAINS
817,155,CONTAINS
817,139,CONTAINS
817,6,CONTAINS
818,98,CONTAINS
819,200,CONTAINS
820,91,CONTAINS
820,197,CONTAINS
820,142,CONTAINS
821,168,CONTAINS
822,133,CONTAINS
823,93,CONTAINS
823,138,CONTAINS
824,41,CONTAINS
824,138,CONTAINS
825,184,CONTAINS
825,59,CONTAINS
825,75,CONTAINS
825,42,CONTAINS
826,85,CONTAINS
826,106,CONTAINS
826,56,CONTAINS
827,188,CONTAINS
827,64,CONTAINS
827,4,CONTAINS
827,10,CONTAINS
827,6,CONTAINS
828,27,CONTAINS
828,129,CONTAINS
828,102,CONTAINS
828,125,CONTAINS
828,11,CONTAINS
829,73,CONTAINS
829,78,CONTAINS
830,59,CONTAINS
831,9,CONTAINS
831,70,CONTAINS
832,97,CONTAINS
833,34,CONTAINS
833,190,CONTAINS
833,70,CONTAINS
833,22,CONTAINS
834,19,CONTAINS
835,185,CONTAINS
835,181,CONTAINS
835,196,CONTAINS
835,188,CONTAINS
835,107,CONTAINS
836,4,CONTAINS
837,155,CONTAINS
837,39,CONTAINS
837,25,CONTAINS
837,189,CONTAINS
837,151,CONTAINS
838,50,CONTAINS
838,156,CONTAINS
838,80,CONTAINS
838,83,CONTAINS
839,132,CONTAINS
839,191,CONTAINS
839,6,CONTAINS
839,78,CONTAINS
840,118,CONTAINS
840,52,CONTAINS
840,26,CONTAINS
841,168,CONTAINS
841,148,CONTAINS
841,121,CONTAINS
842,75,CONTAINS
842,110,CONTAINS
842,24,CONTAINS
842,57,CONTAINS
843,144,CONTAINS
843,72,CONTAINS
843,124,CONTAINS
843,73,CONTAINS
844,130,CONTAINS
844,63,CONTAINS
844,98,CONTAINS
844,5,CONTAINS
844,128,CONTAINS
845,96,CONTAINS
845,196,CONTAINS
845,140,CONTAINS
845,183,CONTAINS
846,116,CONTAINS
847,148,CONTAINS
847,7,CONTAINS
848,198,CONTAINS
848,60,CONTAINS
848,115,CONTAINS
848,95,CONTAINS
849,145,CONTAINS
849,28,CONTAINS
849,165,CONTAINS
849,80,CONTAINS
850,37,CONTAINS
850,162,CONTAINS
850,22,CONTAINS
851,144,CONTAINS
852,54,CONTAINS
852,126,CONTAINS
853,64,CONTAINS
853,22,CONTAINS
853,37,CONTAINS
853,104,CONTAINS
853,158,CONTAINS
854,134,CONTAINS
854,186,CONTAINS
854,146,CONTAINS
854,195,CONTAINS
855,16,CONTAINS
855,197,CONTAINS
856,65,CONTAINS
856,106,CONTAINS
856,80,CONTAINS
856,190,CONTAINS
857,39,CONTAINS
857,10,CONTAINS
857,83,CONTAINS
858,154,CONTAINS
858,105,CONTAINS
858,2,CONTAINS
858,69,CONTAINS
858,177,CONTAINS
859,194,CONTAINS
859,144,CONTAINS
860,140,CONTAINS
860,128,CONTAINS
860,81,CONTAINS
860,167,CONTAINS
861,83,CONTAINS
861,119,CONTAINS
862,132,CONTAINS
862,143,CONTAINS
862,190,CONTAINS
862,188,CONTAINS
863,27,CONTAINS
864,180,CONTAINS
864,20,CONTAINS
864,97,CONTAINS
864,33,CONTAINS
865,42,CONTAINS
866,192,CONTAINS
866,32,CONTAINS
866,43,CONTAINS
866,51,CONTAINS
866,113,CONTAINS
867,10,CONTAINS
868,127,CONTAINS
868,44,CONTAINS
868,161,CONTAINS
868,135,CONTAINS
869,36,CONTAINS
869,192,CONTAINS
869,141,CONTAINS
869,108,CONTAINS
870,3,CONTAINS
870,76,CONTAINS
870,31,CONTAINS
870,112,CONTAINS
871,185,CONTAINS
871,174,CONTAINS
871,70,CONTAINS
872,83,CONTAINS
872,158,CONTAINS
872,96,CONTAINS
872,145,CONTAINS
872,167,CONTAINS
873,37,CONTAINS
873,75,CONTAINS
874,176,CONTAINS
874,53,CONTAINS
874,158,CONTAINS
874,183,CONTAINS
874,96,CONTAINS
875,155,CONTAINS
875,65,CONTAINS
875,121,CONTAINS
875,119,CONTAINS
875,54,CONTAINS
876,192,CONTAINS
876,185,CONTAINS
876,35,CONTAINS
877,135,CONTAINS
877,184,CONTAINS
878,3,CONTAINS
878,82,CONTAINS
878,107,CONTAINS
878,46,CONTAINS
879,121,CONTAINS
879,18,CONTAINS
880,80,CONTAINS
881,52,CONTAINS
881,178,CONTAINS
882,138,CONTAINS
883,85,CONTAINS
883,25,CONTAINS
883,16,CONTAINS
883,160,CONTAINS
884,153,CONTAINS
884,41,CONTAINS
884,18,CONTAINS
884,90,CONTAINS
885,58,CONTAINS
885,89,CONTAINS
885,161,CONTAINS
885,4,CONTAINS
885,50,CONTAINS
886,73,CONTAINS
886,110,CONTAINS
886,150,CONTAINS
887,95,CONTAINS
887,160,CONTAINS
887,197,CONTAINS
888,66,CONTAINS
888,144,CONTAINS
888,139,CONTAINS
888,165,CONTAINS
889,20,CONTAINS
889,152,CONTAINS
890,27,CONTAINS
890,188,CONTAINS
891,72,CONTAINS
891,46,CONTAINS
892,145,CONTAINS
892,27,CONTAINS
892,33,CONTAINS
893,151,CONTAINS
893,166,CONTAINS
893,197,CONTAINS
893,99,CONTAINS
893,85,CONTAINS
894,198,CONTAINS
894,152,CONTAINS
894,155,CONTAINS
894,71,CONTAINS
894,189,CONTAINS
895,172,CONTAINS
895,122,CONTAINS
895,54,CONTAINS
895,44,CONTAINS
895,1,CONTAINS
896,56,CONTAINS
896,24,CONTAINS
897,38,CONTAINS
897,37,CONTAINS
897,43,CONTAINS
897,122,CONTAINS
897,1,CONTAINS
898,20,CONTAINS
898,14,CONTAINS
898,36,CONTAINS
899,113,CONTAINS
899,109,CONTAINS
899,171,CONTAINS
899,121,CONTAINS
899,84,CONTAINS
900,129,CONTAINS
900,195,CONTAINS
900,31,CONTAINS
901,144,CONTAINS
901,101,CONTAINS
902,199,CONTAINS
902,99,CONTAINS
902,181,CONTAINS
902,122,CONTAINS
903,80,CONTAINS
903,134,CONTAINS
903,82,CONTAINS
904,21,CONTAINS
904,155,CONTAINS
904,55,CONTAINS
904,43,CONTAINS
904,163,CONTAINS
905,183,CONTAINS
905,37,CONTAINS
905,112,CONTAINS
906,114,CONTAINS
906,126,CONTAINS
906,178,CONTAINS
906,65,CONTAINS
906,176,CONTAINS
907,143,CONTAINS
908,167,CONTAINS
908,90,CONTAINS
908,46,CONTAINS
908,7,CONTAINS
909,120,CONTAINS
909,198,CONTAINS
909,172,CONTAINS
910,187,CONTAINS
910,109,CONTAINS
910,55,CONTAINS
911,144,CONTAINS
911,49,CONTAINS
911,98,CONTAINS
911,96,CONTAINS
911,46,CONTAINS
912,51,CONTAINS
913,93,CONTAINS
913,135,CONTAINS
913,50,CONTAINS
913,2,CONTAINS
914,80,CONTAINS
914,85,CONTAINS
914,25,CONTAINS
914,95,CONTAINS
914,65,CONTAINS
915,4,CONTAINS
915,156,CONTAINS
915,70,CONTAINS
915,9,CONTAINS
915,166,CONTAINS
916,165,CONTAINS
916,123,CONTAINS
916,102,CONTAINS
917,179,CONTAINS
918,71,CONTAINS
918,161,CONTAINS
918,15,CONTAINS
919,8,CONTAINS
919,184,CONTAINS
919,121,CONTAINS
919,156,CONTAINS
919,162,CONTAINS
920,126,CONTAINS
920,45,CONTAINS
920,122,CONTAINS
920,192,CONTAINS
921,27,CONTAINS
921,10,CONTAINS
921,95,CONTAINS
921,8,CONTAINS
921,157,CONTAINS
922,181,CONTAINS
922,189,CONTAINS
923,34,CONTAINS
923,22,CONTAINS
924,31,CONTAINS
924,15,CONTAINS
924,114,CONTAINS
924,164,CONTAINS
925,81,CONTAINS
926,140,CONTAINS
927,50,CONTAINS
927,168,CONTAINS
927,158,CONTAINS
928,86,CONTAINS
929,182,CONTAINS
929,44,CONTAINS
929,151,CONTAINS
930,133,CONTAINS
930,4,CONTAINS
930,171,CONTAINS
931,107,CONTAINS
931,171,CONTAINS
931,172,CONTAINS
931,16,CONTAINS
932,50,CONTAINS
933,38,CONTAINS
933,187,CONTAINS
933,69,CONTAINS
933,22,CONTAINS
933,45,CONTAINS
934,12,CONTAINS
934,71,CONTAINS
934,156,CONTAINS
934,51,CONTAINS
935,105,CONTAINS
935,45,CONTAINS
935,163,CONTAINS
935,192,CONTAINS
935,1,CONTAINS
936,71,CONTAINS
936,144,CONTAINS
936,90,CONTAINS
937,88,CONTAINS
938,146,CONTAINS
938,179,CONTAINS
938,23,CONTAINS
938,145,CONTAINS
939,23,CONTAINS
939,30,CONTAINS
939,24,CONTAINS
939,47,CONTAINS
940,48,CONTAINS
941,152,CONTAINS
941,161,CONTAINS
941,6,CONTAINS
942,3,CONTAINS
942,56,CONTAINS
943,118,CONTAINS
943,21,CONTAINS
943,186,CONTAINS
944,79,CONTAINS
944,175,CONTAINS
945,192,CONTAINS
945,194,CONTAINS
946,80,CONTAINS
946,14,CONTAINS
947,181,CONTAINS
947,74,CONTAINS
947,46,CONTAINS
947,72,CONTAINS
948,145,CONTAINS
948,81,CONTAINS
949,58,CONTAINS
949,49,CONTAINS
949,70,CONTAINS
949,52,CONTAINS
950,76,CONTAINS
950,67,CONTAINS
951,68,CONTAINS
951,24,CONTAINS
951,126,CONTAINS
951,91,CONTAINS
952,94,CONTAINS
952,90,CONTAINS
952,198,CONTAINS
952,165,CONTAINS
952,134,CONTAINS
953,162,CONTAINS
953,176,CONTAINS
953,44,CONTAINS
953,10,CONTAINS
954,99,CONTAINS
954,40,CONTAINS
954,138,CONTAINS
954,146,CONTAINS
954,54,CONTAINS
955,89,CONTAINS
955,166,CONTAINS
955,175,CONTAINS
955,74,CONTAINS
956,88,CONTAINS
956,180,CONTAINS
957,142,CONTAINS
957,191,CONTAINS
957,69,CONTAINS
957,24,CONTAINS
957,132,CONTAINS
958,67,CONTAINS
958,56,CONTAINS
959,67,CONTAINS
959,9,CONTAINS
959,30,CONTAINS
959,133,CONTAINS
960,122,CONTAINS
960,36,CONTAINS
961,151,CONTAINS
961,83,CONTAINS
961,96,CONTAINS
961,145,CONTAINS
962,169,CONTAINS
962,151,CONTAINS
962,9,CONTAINS
962,83,CONTAINS
963,162,CONTAINS
964,3,CONTAINS
964,41,CONTAINS
964,108,CONTAINS
965,86,CONTAINS
965,87,CONTAINS
965,166,CONTAINS
965,26,CONTAINS
966,92,CONTAINS
966,79,CONTAINS
967,120,CONTAINS
967,140,CONTAINS
968,193,CONTAINS
968,6,CONTAINS
969,158,CONTAINS
969,117,CONTAINS
969,152,CONTAINS
969,148,CONTAINS
970,188,CONTAINS
970,103,CONTAINS
970,122,CONTAINS
970,63,CONTAINS
971,186,CONTAINS
971,96,CONTAINS
971,154,CONTAINS
972,124,CONTAINS
972,174,CONTAINS
972,103,CONTAINS
973,11,CONTAINS
973,60,CONTAINS
973,196,CONTAINS
974,28,CONTAINS
974,108,CONTAINS
974,110,CONTAINS
974,199,CONTAINS
974,69,CONTAINS
975,103,CONTAINS
975,152,CONTAINS
975,8,CONTAINS
975,42,CONTAINS
975,132,CONTAINS
976,77,CONTAINS
976,153,CONTAINS
977,51,CONTAINS
977,146,CONTAINS
977,193,CONTAINS
977,36,CONTAINS
977,34,CONTAINS
978,14,CONTAINS
978,24,CONTAINS
978,80,CONTAINS
979,89,CONTAINS
979,118,CONTAINS
980,43,CONTAINS
980,118,CONTAINS
980,1,CONTAINS
980,169,CONTAINS
981,52,CONTAINS
981,45,CONTAINS
982,79,CONTAINS
982,21,CONTAINS
982,48,CONTAINS
983,53,CONTAINS
983,112,CONTAINS
984,186,CONTAINS
985,40,CONTAINS
985,176,CONTAINS
986,199,CONTAINS
986,96,CONTAINS
986,2,CONTAINS
986,123,CONTAINS
986,41,CONTAINS
987,26,CONTAINS
987,121,CONTAINS
987,141,CONTAINS
988,179,CONTAINS
988,55,CONTAINS
988,121,CONTAINS
988,172,CONTAINS
989,119,CONTAINS
989,181,CONTAINS
989,63,CONTAINS
989,196,CONTAINS
990,100,CONTAINS
991,82,CONTAINS
991,196,CONTAINS
992,103,CONTAINS
992,198,CONTAINS
993,73,CONTAINS
993,173,CONTAINS
993,187,CONTAINS
994,153,CONTAINS
994,101,CONTAINS
994,137,CONTAINS
994,19,CONTAINS
995,126,CONTAINS
995,172,CONTAINS
995,190,CONTAINS
996,7,CONTAINS
996,57,CONTAINS
996,156,CONTAINS
996,46,CONTAINS
996,197,CONTAINS
997,95,CONTAINS
997,93,CONTAINS
998,129,CONTAINS
998,1,CONTAINS
998,157,CONTAINS
999,193,CONTAINS
999,102,CONTAINS
999,20,CONTAINS
999,166,CONTAINS
999,59,CONTAINS
1000,128,CONTAINS
1000,49,CONTAINS
