orderId:ID(Order),date,total_price,delivery_date
1,2023-07-18,45.46,2023-07-21
2,2023-04-10,40.26,2023-04-13
3,2022-08-25,87.95,2022-08-26
4,2022-11-20,90.43,2022-11-21
5,2024-02-20,26.29,2024-02-26
6,2022-08-10,60.68,2022-08-16
7,2024-01-12,117.31,2024-01-17
8,2023-06-22,37.54,2023-06-27
9,2022-04-13,27.32,2022-04-20
10,2022-08-21,25.64,2022-08-24
11,2022-01-15,66.43,2022-01-21
12,2022-10-08,117.04,2022-10-09
13,2023-07-21,85.2,2023-07-24
14,2022-05-10,104.87,2022-05-16
15,2023-05-18,105.36,2023-05-19
16,2023-08-11,58.98,2023-08-14
17,2023-03-28,26.2,2023-03-31
18,2022-02-22,113.22,2022-02-25
19,2023-05-05,99.54,2023-05-06
20,2023-02-15,13.52,2023-02-19
21,2023-10-07,11.17,2023-10-13
22,2022-06-02,69.73,2022-06-09
23,2022-11-08,119.3,2022-11-09
24,2022-05-02,92.91,2022-05-07
25,2023-09-13,95.94,2023-09-18
26,2022-08-20,65.1,2022-08-27
27,2023-04-07,39.2,2023-04-11
28,2023-08-26,40.12,2023-08-30
29,2023-09-28,75.11,2023-09-29
30,2024-01-28,113.97,2024-01-29
31,2022-08-01,29.27,2022-08-07
32,2023-11-08,23.06,2023-11-09
33,2022-06-27,13.63,2022-07-02
34,2022-01-03,56.81,2022-01-07
35,2023-09-01,38.49,2023-09-05
36,2022-08-26,86.3,2022-08-29
37,2023-12-21,57.21,2023-12-28
38,2023-12-05,111.25,2023-12-07
39,2024-03-17,76.88,2024-03-24
40,2023-11-09,112.37,2023-11-16
41,2023-03-12,67.62,2023-03-13
42,2023-10-26,109.47,2023-10-28
43,2024-04-26,13.21,2024-04-28
44,2022-06-19,40.38,2022-06-26
45,2024-02-06,70.46,2024-02-13
46,2022-10-23,19.3,2022-10-27
47,2023-12-07,85.47,2023-12-10
48,2022-10-06,67.1,2022-10-11
49,2023-03-25,73.77,2023-03-26
50,2023-03-19,42.07,2023-03-25
51,2022-09-14,15.5,2022-09-15
52,2023-11-22,103.96,2023-11-29
53,2023-08-25,119.95,2023-08-26
54,2023-11-20,35.99,2023-11-27
55,2022-02-11,91.97,2022-02-18
56,2023-04-27,79.92,2023-05-02
57,2022-10-12,119.65,2022-10-14
58,2023-03-23,98.64,2023-03-29
59,2022-04-04,45.02,2022-04-08
60,2022-12-08,82.07,2022-12-11
61,2024-05-28,42.93,2024-05-30
62,2023-12-12,38.15,2023-12-16
63,2023-02-15,92.46,2023-02-22
64,2022-02-07,15.13,2022-02-11
65,2022-09-16,18.33,2022-09-19
66,2024-03-02,104.46,2024-03-06
67,2024-04-24,80.63,2024-04-25
68,2023-07-10,52.52,2023-07-14
69,2022-07-12,46.6,2022-07-17
70,2024-02-14,76.92,2024-02-18
71,2024-02-18,28.41,2024-02-19
72,2023-07-17,111.68,2023-07-19
73,2023-03-25,60.74,2023-03-31
74,2022-01-30,75.02,2022-02-05
75,2022-09-03,23.21,2022-09-09
76,2023-07-19,68.51,2023-07-20
77,2022-04-06,119.11,2022-04-08
78,2022-04-27,113.91,2022-05-01
79,2023-10-26,22.71,2023-11-02
80,2024-01-04,63.52,2024-01-07
81,2022-10-07,100.99,2022-10-11
82,2023-04-29,57.53,2023-05-01
83,2022-05-29,26.92,2022-06-02
84,2023-09-06,90.82,2023-09-11
85,2022-05-20,13.03,2022-05-27
86,2024-03-02,103.26,2024-03-09
87,2022-12-15,63.39,2022-12-22
88,2024-04-20,37.53,2024-04-21
89,2022-11-02,72.5,2022-11-09
90,2023-11-07,104.5,2023-11-11
91,2023-04-03,60.7,2023-04-08
92,2022-12-07,92.73,2022-12-12
93,2023-01-22,112.28,2023-01-26
94,2024-06-09,117.79,2024-06-11
95,2022-09-02,49.04,2022-09-07
96,2024-05-26,52.24,2024-06-02
97,2022-11-22,59.39,2022-11-28
98,2024-04-10,49.4,2024-04-14
99,2023-11-11,99.39,2023-11-18
100,2022-06-05,115.95,2022-06-09
101,2022-05-10,116.02,2022-05-15
102,2022-12-06,16.54,2022-12-13
103,2024-05-15,16.47,2024-05-19
104,2023-04-13,88.08,2023-04-14
105,2023-02-24,80.3,2023-03-03
106,2022-06-08,58.99,2022-06-09
107,2022-09-29,76.67,2022-10-02
108,2023-02-12,14.24,2023-02-18
109,2022-12-03,82.55,2022-12-10
110,2023-07-01,114.73,2023-07-05
111,2023-10-04,107.06,2023-10-10
112,2023-05-15,67.22,2023-05-22
113,2023-09-25,32.0,2023-09-26
114,2023-12-02,119.7,2023-12-05
115,2024-02-04,54.91,2024-02-05
116,2022-04-11,77.88,2022-04-18
117,2024-06-12,56.02,2024-06-13
118,2023-12-12,108.89,2023-12-15
119,2022-02-17,96.56,2022-02-20
120,2022-10-28,48.11,2022-10-31
121,2022-05-30,66.08,2022-06-01
122,2023-08-03,96.14,2023-08-09
123,2022-06-24,14.08,2022-06-26
124,2024-06-10,76.27,2024-06-14
125,2022-09-04,109.98,2022-09-08
126,2022-05-27,58.03,2022-05-29
127,2022-09-18,34.36,2022-09-22
128,2022-01-10,58.5,2022-01-17
129,2022-10-22,67.86,2022-10-28
130,2022-03-17,113.7,2022-03-21
131,2023-08-25,78.48,2023-08-28
132,2023-03-11,33.76,2023-03-17
133,2024-05-15,27.91,2024-05-18
134,2023-01-29,60.57,2023-02-05
135,2022-08-31,70.77,2022-09-04
136,2023-08-12,119.16,2023-08-15
137,2022-10-30,117.46,2022-10-31
138,2023-11-06,36.57,2023-11-10
139,2023-08-03,83.87,2023-08-10
140,2024-02-02,109.72,2024-02-03
141,2024-02-03,100.78,2024-02-07
142,2022-10-21,96.87,2022-10-28
143,2023-09-14,45.52,2023-09-21
144,2023-10-14,76.4,2023-10-16
145,2023-11-26,87.91,2023-12-03
146,2023-11-07,101.41,2023-11-13
147,2023-10-06,108.89,2023-10-07
148,2023-10-24,40.53,2023-10-25
149,2023-03-28,71.65,2023-03-29
150,2024-01-20,15.37,2024-01-22
151,2022-10-30,90.96,2022-11-02
152,2022-06-29,20.2,2022-07-01
153,2023-07-07,66.05,2023-07-10
154,2022-10-07,23.92,2022-10-14
155,2024-04-24,116.25,2024-04-28
156,2022-10-30,105.1,2022-11-05
157,2024-04-03,58.86,2024-04-04
158,2022-03-19,91.73,2022-03-21
159,2022-08-20,82.78,2022-08-27
160,2023-11-22,116.24,2023-11-26
161,2024-04-03,47.06,2024-04-08
162,2024-03-20,6.6,2024-03-24
163,2023-07-04,57.3,2023-07-05
164,2023-11-20,82.32,2023-11-26
165,2023-08-22,99.58,2023-08-26
166,2023-01-16,82.61,2023-01-17
167,2023-04-28,76.25,2023-04-29
168,2023-07-29,110.25,2023-08-01
169,2022-08-15,12.27,2022-08-21
170,2024-04-23,109.58,2024-04-27
171,2022-11-06,51.95,2022-11-12
172,2022-05-24,113.82,2022-05-25
173,2022-11-08,18.35,2022-11-12
174,2022-08-29,20.6,2022-09-03
175,2023-04-10,82.11,2023-04-13
176,2024-01-31,113.79,2024-02-06
177,2023-03-06,90.36,2023-03-11
178,2022-06-08,80.32,2022-06-12
179,2024-05-03,75.8,2024-05-07
180,2022-10-14,84.38,2022-10-15
181,2022-08-11,56.14,2022-08-15
182,2022-08-30,46.71,2022-09-06
183,2023-12-04,67.61,2023-12-07
184,2023-10-23,11.96,2023-10-26
185,2022-10-10,116.34,2022-10-12
186,2024-05-18,57.29,2024-05-25
187,2023-11-10,78.8,2023-11-12
188,2023-09-04,10.82,2023-09-05
189,2022-12-08,118.71,2022-12-10
190,2024-03-16,28.6,2024-03-21
191,2024-04-29,68.73,2024-05-06
192,2023-08-24,98.5,2023-08-26
193,2022-08-27,94.05,2022-08-30
194,2024-03-18,5.33,2024-03-23
195,2024-05-29,118.57,2024-05-31
196,2023-07-08,96.83,2023-07-11
197,2022-04-23,104.64,2022-04-29
198,2022-05-15,46.2,2022-05-16
199,2024-03-18,72.72,2024-03-20
200,2022-01-17,35.52,2022-01-19
201,2022-05-10,53.41,2022-05-16
202,2022-04-27,12.31,2022-05-03
203,2023-04-05,46.63,2023-04-12
204,2023-08-31,56.98,2023-09-01
205,2022-08-15,9.99,2022-08-20
206,2024-03-13,80.77,2024-03-20
207,2022-11-05,78.98,2022-11-09
208,2022-02-01,119.84,2022-02-02
209,2024-05-17,54.02,2024-05-21
210,2022-04-21,86.93,2022-04-25
211,2023-03-31,108.42,2023-04-01
212,2022-11-26,22.06,2022-12-01
213,2022-05-10,76.8,2022-05-13
214,2023-08-23,86.9,2023-08-28
215,2023-01-26,66.01,2023-01-31
216,2023-04-10,74.62,2023-04-15
217,2022-04-12,85.7,2022-04-19
218,2024-05-23,79.86,2024-05-29
219,2024-02-27,87.9,2024-03-03
220,2022-08-09,56.93,2022-08-13
221,2022-08-22,43.98,2022-08-26
222,2023-04-10,52.84,2023-04-14
223,2022-04-08,54.08,2022-04-11
224,2023-11-13,48.04,2023-11-16
225,2022-06-06,111.14,2022-06-12
226,2022-03-10,100.65,2022-03-11
227,2022-04-06,16.1,2022-04-10
228,2024-01-27,98.35,2024-01-30
229,2023-07-24,72.44,2023-07-25
230,2023-07-30,42.91,2023-08-04
231,2022-05-06,45.66,2022-05-10
232,2023-11-13,53.64,2023-11-20
233,2024-01-09,116.37,2024-01-10
234,2023-09-07,45.44,2023-09-10
235,2023-08-15,29.46,2023-08-20
236,2023-11-04,30.79,2023-11-08
237,2022-04-21,102.22,2022-04-24
238,2023-01-12,92.7,2023-01-13
239,2023-08-11,97.83,2023-08-13
240,2024-05-15,117.07,2024-05-20
241,2024-04-18,75.56,2024-04-23
242,2023-10-21,8.02,2023-10-26
243,2023-11-05,84.75,2023-11-12
244,2022-01-30,36.43,2022-02-01
245,2024-02-20,110.98,2024-02-23
246,2022-12-26,25.86,2022-12-27
247,2022-05-27,80.59,2022-06-01
248,2022-03-13,90.21,2022-03-15
249,2022-02-01,90.8,2022-02-02
250,2022-08-09,53.28,2022-08-13
251,2022-12-16,47.56,2022-12-18
252,2024-01-09,94.34,2024-01-12
253,2023-08-05,14.77,2023-08-10
254,2022-02-23,23.1,2022-02-25
255,2023-09-25,82.51,2023-09-26
256,2022-10-06,81.12,2022-10-10
257,2023-05-13,55.84,2023-05-18
258,2022-10-07,91.82,2022-10-09
259,2022-04-27,54.44,2022-04-30
260,2022-10-18,83.03,2022-10-24
261,2023-05-14,81.72,2023-05-19
262,2022-02-16,50.46,2022-02-18
263,2023-09-06,5.88,2023-09-07
264,2022-11-05,93.25,2022-11-07
265,2024-02-22,38.29,2024-02-25
266,2022-05-03,62.2,2022-05-04
267,2023-03-17,19.86,2023-03-19
268,2023-06-30,31.46,2023-07-06
269,2023-07-27,81.83,2023-08-03
270,2022-12-29,50.66,2022-12-30
271,2024-01-30,55.17,2024-01-31
272,2023-04-16,104.14,2023-04-17
273,2023-08-13,70.94,2023-08-17
274,2023-12-28,53.03,2024-01-03
275,2022-04-28,7.4,2022-05-02
276,2022-11-29,97.15,2022-12-01
277,2023-09-25,100.68,2023-09-29
278,2023-01-06,55.22,2023-01-07
279,2022-04-19,55.1,2022-04-21
280,2023-02-15,14.04,2023-02-20
281,2024-06-10,90.77,2024-06-13
282,2022-08-15,94.6,2022-08-18
283,2022-03-20,77.82,2022-03-25
284,2023-06-28,27.3,2023-07-03
285,2024-03-05,45.38,2024-03-08
286,2024-04-18,98.73,2024-04-24
287,2022-08-30,21.84,2022-08-31
288,2022-07-22,74.28,2022-07-24
289,2024-02-18,80.38,2024-02-25
290,2022-07-01,77.21,2022-07-08
291,2023-04-21,69.83,2023-04-28
292,2023-08-17,83.33,2023-08-21
293,2023-08-02,78.06,2023-08-08
294,2023-10-02,104.39,2023-10-05
295,2023-10-05,22.36,2023-10-08
296,2022-03-11,55.85,2022-03-15
297,2022-11-07,36.59,2022-11-14
298,2022-02-27,63.34,2022-03-02
299,2022-11-14,56.97,2022-11-18
300,2022-02-28,100.65,2022-03-03
301,2022-03-20,104.39,2022-03-26
302,2024-05-25,75.73,2024-05-26
303,2023-06-04,58.21,2023-06-08
304,2023-07-22,89.98,2023-07-29
305,2022-02-12,109.54,2022-02-16
306,2023-08-09,26.65,2023-08-15
307,2023-09-12,62.66,2023-09-16
308,2022-03-05,16.9,2022-03-09
309,2024-05-07,117.97,2024-05-10
310,2022-03-28,79.3,2022-04-02
311,2022-02-10,86.38,2022-02-12
312,2023-03-26,65.12,2023-03-31
313,2022-06-12,47.88,2022-06-15
314,2022-10-17,52.01,2022-10-21
315,2022-12-13,73.76,2022-12-19
316,2024-03-19,79.44,2024-03-25
317,2022-03-09,15.87,2022-03-12
318,2023-11-26,37.68,2023-11-30
319,2024-01-12,80.5,2024-01-19
320,2023-09-10,22.29,2023-09-17
321,2022-03-25,81.32,2022-03-30
322,2022-12-25,116.29,2022-12-28
323,2023-12-17,50.08,2023-12-23
324,2023-09-02,112.87,2023-09-08
325,2022-11-14,48.32,2022-11-19
326,2024-03-21,98.52,2024-03-24
327,2023-11-18,100.33,2023-11-24
328,2024-01-27,109.93,2024-02-02
329,2022-04-06,82.1,2022-04-12
330,2023-06-05,7.1,2023-06-08
331,2022-11-13,114.38,2022-11-15
332,2022-12-16,60.92,2022-12-23
333,2022-08-20,22.82,2022-08-22
334,2022-10-30,95.63,2022-11-06
335,2023-06-04,67.07,2023-06-11
336,2024-01-27,9.34,2024-02-01
337,2022-12-11,76.07,2022-12-18
338,2023-09-04,22.74,2023-09-08
339,2022-07-05,84.68,2022-07-12
340,2023-10-02,108.81,2023-10-09
341,2024-01-09,10.02,2024-01-13
342,2023-01-09,87.75,2023-01-15
343,2023-03-31,37.77,2023-04-05
344,2024-02-06,56.63,2024-02-13
345,2023-07-01,40.59,2023-07-03
346,2024-04-08,58.94,2024-04-15
347,2024-05-05,47.3,2024-05-07
348,2023-08-08,58.09,2023-08-12
349,2022-10-16,48.92,2022-10-23
350,2023-06-25,116.12,2023-06-29
351,2024-04-16,97.14,2024-04-18
352,2022-05-22,33.75,2022-05-29
353,2023-10-19,105.52,2023-10-23
354,2023-07-22,86.81,2023-07-23
355,2023-06-13,19.34,2023-06-20
356,2022-03-27,23.44,2022-04-03
357,2023-04-06,21.95,2023-04-11
358,2023-03-24,113.84,2023-03-25
359,2022-08-16,56.88,2022-08-23
360,2022-12-24,52.71,2022-12-25
361,2023-02-10,48.01,2023-02-15
362,2023-01-31,48.11,2023-02-01
363,2022-01-29,112.04,2022-02-01
364,2024-05-09,79.75,2024-05-15
365,2024-03-21,20.82,2024-03-23
366,2022-10-21,59.33,2022-10-28
367,2024-05-01,92.27,2024-05-03
368,2023-04-26,75.77,2023-04-30
369,2022-03-23,34.43,2022-03-24
370,2024-05-05,68.11,2024-05-07
371,2024-01-15,65.69,2024-01-20
372,2022-04-24,38.13,2022-05-01
373,2022-11-05,10.49,2022-11-06
374,2023-03-06,96.3,2023-03-12
375,2023-04-14,17.75,2023-04-15
376,2023-05-27,66.65,2023-06-01
377,2023-10-10,71.13,2023-10-15
378,2024-01-06,38.5,2024-01-08
379,2022-01-02,45.57,2022-01-07
380,2023-08-08,26.54,2023-08-12
381,2023-11-16,65.2,2023-11-17
382,2023-01-05,114.64,2023-01-06
383,2023-07-12,95.44,2023-07-17
384,2023-06-04,7.34,2023-06-09
385,2024-06-13,10.01,2024-06-17
386,2023-02-01,34.17,2023-02-04
387,2022-01-17,95.68,2022-01-20
388,2022-12-20,89.29,2022-12-22
389,2023-10-06,93.72,2023-10-07
390,2024-01-23,43.24,2024-01-30
391,2022-02-15,67.79,2022-02-18
392,2024-04-13,25.14,2024-04-19
393,2024-03-08,58.43,2024-03-14
394,2023-12-14,77.65,2023-12-18
395,2024-04-10,12.26,2024-04-12
396,2024-03-05,9.25,2024-03-09
397,2022-07-26,95.98,2022-07-27
398,2022-02-12,112.34,2022-02-15
399,2023-06-12,118.75,2023-06-16
400,2023-07-11,34.13,2023-07-15
401,2024-02-11,26.98,2024-02-17
402,2023-01-01,94.8,2023-01-08
403,2024-06-05,43.17,2024-06-11
404,2022-05-08,47.32,2022-05-15
405,2023-02-14,55.57,2023-02-20
406,2023-01-31,116.98,2023-02-03
407,2023-05-24,62.22,2023-05-30
408,2024-03-27,35.67,2024-04-01
409,2022-03-26,53.82,2022-04-01
410,2023-03-17,119.44,2023-03-22
411,2022-07-04,38.78,2022-07-09
412,2022-04-16,42.71,2022-04-17
413,2022-10-30,56.28,2022-11-02
414,2024-01-05,24.16,2024-01-09
415,2023-03-31,56.42,2023-04-03
416,2024-01-15,109.83,2024-01-22
417,2023-09-22,36.57,2023-09-26
418,2024-03-21,13.63,2024-03-22
419,2023-10-15,46.78,2023-10-19
420,2024-03-31,83.13,2024-04-06
421,2022-02-01,102.6,2022-02-03
422,2023-11-26,55.39,2023-12-03
423,2022-05-10,32.14,2022-05-11
424,2023-10-23,46.65,2023-10-26
425,2023-08-04,74.59,2023-08-05
426,2023-11-27,114.11,2023-12-01
427,2023-01-16,92.75,2023-01-20
428,2023-08-11,65.89,2023-08-13
429,2023-02-12,79.7,2023-02-15
430,2022-09-13,7.98,2022-09-14
431,2022-07-10,64.54,2022-07-14
432,2023-07-30,35.1,2023-07-31
433,2022-09-24,56.32,2022-09-30
434,2023-09-19,84.81,2023-09-22
435,2023-05-18,19.1,2023-05-20
436,2024-05-23,56.98,2024-05-24
437,2024-01-01,119.69,2024-01-05
438,2024-04-09,116.27,2024-04-15
439,2022-11-24,44.95,2022-11-30
440,2022-03-08,67.35,2022-03-13
441,2022-11-04,23.11,2022-11-11
442,2023-12-28,78.34,2024-01-03
443,2024-03-23,63.51,2024-03-26
444,2022-05-05,96.09,2022-05-07
445,2022-08-31,61.81,2022-09-07
446,2023-01-05,70.81,2023-01-10
447,2023-04-24,118.05,2023-05-01
448,2022-05-13,106.69,2022-05-18
449,2022-03-09,50.79,2022-03-12
450,2024-01-05,60.05,2024-01-11
451,2023-02-25,52.08,2023-03-04
452,2023-08-12,19.41,2023-08-13
453,2022-11-21,13.53,2022-11-27
454,2023-04-23,64.5,2023-04-29
455,2022-05-12,94.73,2022-05-19
456,2023-10-18,25.93,2023-10-23
457,2022-05-13,62.83,2022-05-17
458,2024-06-08,100.61,2024-06-09
459,2023-06-15,39.97,2023-06-17
460,2022-06-15,112.49,2022-06-18
461,2022-08-19,113.96,2022-08-22
462,2023-06-16,102.28,2023-06-19
463,2022-09-14,78.03,2022-09-16
464,2023-07-19,19.39,2023-07-22
465,2022-11-07,66.35,2022-11-12
466,2023-05-30,24.39,2023-06-05
467,2023-08-18,24.69,2023-08-20
468,2023-10-02,108.73,2023-10-08
469,2022-12-12,111.25,2022-12-19
470,2022-02-12,104.33,2022-02-19
471,2022-03-25,114.08,2022-03-26
472,2024-02-29,35.44,2024-03-05
473,2022-08-04,70.8,2022-08-11
474,2023-09-25,8.48,2023-10-01
475,2023-10-05,38.31,2023-10-10
476,2022-11-06,33.16,2022-11-10
477,2024-04-06,51.7,2024-04-12
478,2023-04-10,84.19,2023-04-11
479,2022-06-11,52.8,2022-06-15
480,2023-04-21,44.12,2023-04-23
481,2022-05-28,104.07,2022-05-31
482,2022-11-23,118.62,2022-11-29
483,2022-12-20,20.04,2022-12-24
484,2023-01-15,69.59,2023-01-20
485,2022-11-23,58.64,2022-11-25
486,2022-10-01,33.51,2022-10-05
487,2022-04-10,38.37,2022-04-11
488,2023-01-29,75.77,2023-02-05
489,2022-09-12,108.77,2022-09-19
490,2024-04-13,112.38,2024-04-16
491,2024-01-09,26.83,2024-01-12
492,2022-06-13,119.54,2022-06-17
493,2023-04-24,106.09,2023-04-28
494,2023-05-25,15.36,2023-05-26
495,2023-02-07,57.58,2023-02-12
496,2022-09-04,72.08,2022-09-06
497,2022-02-19,37.36,2022-02-20
498,2023-09-04,80.24,2023-09-11
499,2023-04-27,66.72,2023-04-30
500,2024-05-17,54.56,2024-05-18
501,2022-09-28,47.06,2022-10-04
502,2023-02-17,10.2,2023-02-20
503,2022-02-22,69.61,2022-02-27
504,2023-01-07,38.19,2023-01-12
505,2023-01-31,56.79,2023-02-05
506,2023-07-18,99.91,2023-07-21
507,2023-10-01,75.27,2023-10-07
508,2022-05-12,50.3,2022-05-13
509,2024-03-24,69.15,2024-03-27
510,2023-01-10,21.59,2023-01-17
511,2023-09-09,51.16,2023-09-14
512,2022-02-11,9.48,2022-02-12
513,2024-01-01,97.46,2024-01-04
514,2023-06-16,22.13,2023-06-20
515,2023-06-12,42.72,2023-06-14
516,2023-09-20,23.69,2023-09-23
517,2023-09-24,101.9,2023-09-30
518,2023-08-31,63.34,2023-09-03
519,2023-06-06,61.33,2023-06-11
520,2023-07-31,59.61,2023-08-03
521,2022-01-18,43.09,2022-01-21
522,2022-04-23,72.13,2022-04-27
523,2024-03-26,105.29,2024-04-01
524,2023-10-07,73.64,2023-10-08
525,2022-09-29,95.03,2022-10-05
526,2024-03-05,71.43,2024-03-10
527,2024-01-09,72.11,2024-01-10
528,2022-06-24,77.34,2022-06-29
529,2023-09-27,101.73,2023-10-04
530,2022-06-01,83.28,2022-06-08
531,2022-02-02,114.04,2022-02-07
532,2022-04-23,7.18,2022-04-25
533,2022-11-18,22.41,2022-11-22
534,2023-12-09,52.19,2023-12-11
535,2024-03-04,110.86,2024-03-09
536,2024-06-12,89.62,2024-06-19
537,2022-03-05,20.88,2022-03-11
538,2022-08-01,42.38,2022-08-06
539,2023-11-10,65.43,2023-11-14
540,2022-11-18,57.86,2022-11-20
541,2023-06-30,67.82,2023-07-03
542,2023-11-24,104.78,2023-12-01
543,2023-11-29,97.42,2023-12-05
544,2022-09-28,60.68,2022-10-03
545,2022-09-10,69.18,2022-09-13
546,2022-08-19,93.69,2022-08-22
547,2023-12-23,84.38,2023-12-25
548,2023-05-16,60.18,2023-05-19
549,2023-07-28,87.99,2023-08-04
550,2022-10-22,70.95,2022-10-23
551,2023-07-11,108.01,2023-07-15
552,2023-02-09,44.69,2023-02-16
553,2024-03-02,21.84,2024-03-09
554,2022-02-13,114.86,2022-02-16
555,2022-03-22,111.26,2022-03-25
556,2023-11-03,90.94,2023-11-06
557,2022-08-08,100.21,2022-08-10
558,2022-10-05,85.06,2022-10-10
559,2022-05-21,75.8,2022-05-22
560,2023-08-24,32.88,2023-08-26
561,2023-11-17,30.95,2023-11-22
562,2022-08-27,16.52,2022-08-28
563,2022-12-05,59.33,2022-12-11
564,2023-11-29,20.81,2023-12-06
565,2023-07-18,51.79,2023-07-20
566,2024-06-18,59.91,2024-06-22
567,2022-07-24,115.85,2022-07-31
568,2022-11-25,79.28,2022-11-28
569,2024-02-27,80.01,2024-02-28
570,2022-08-26,89.95,2022-08-31
571,2024-05-20,110.02,2024-05-21
572,2022-06-29,106.46,2022-07-03
573,2022-06-30,119.67,2022-07-01
574,2023-02-11,61.97,2023-02-18
575,2024-02-06,111.49,2024-02-13
576,2024-06-16,6.07,2024-06-17
577,2023-08-05,17.34,2023-08-10
578,2022-12-10,57.25,2022-12-13
579,2023-10-19,65.3,2023-10-24
580,2022-05-18,62.98,2022-05-25
581,2022-10-07,98.01,2022-10-09
582,2022-12-05,89.08,2022-12-07
583,2023-10-26,87.64,2023-10-29
584,2022-01-15,43.77,2022-01-21
585,2022-10-30,82.56,2022-11-04
586,2022-07-17,75.26,2022-07-19
587,2023-10-17,100.1,2023-10-21
588,2023-06-12,14.97,2023-06-15
589,2023-11-17,26.25,2023-11-18
590,2022-05-24,42.21,2022-05-28
591,2022-09-12,34.99,2022-09-13
592,2022-08-30,91.68,2022-09-03
593,2022-12-04,71.98,2022-12-07
594,2023-08-10,35.08,2023-08-11
595,2023-01-04,32.17,2023-01-10
596,2023-11-15,58.52,2023-11-16
597,2022-06-13,83.9,2022-06-17
598,2023-12-22,40.76,2023-12-29
599,2022-05-01,110.35,2022-05-07
600,2022-10-30,75.68,2022-11-02
601,2022-08-13,59.99,2022-08-15
602,2023-04-11,118.72,2023-04-17
603,2023-01-18,85.72,2023-01-22
604,2023-04-28,66.81,2023-05-05
605,2023-11-12,30.12,2023-11-19
606,2022-09-11,91.8,2022-09-17
607,2024-06-13,14.42,2024-06-20
608,2023-04-03,85.93,2023-04-08
609,2022-03-21,17.9,2022-03-26
610,2024-04-28,108.83,2024-05-03
611,2022-07-27,66.72,2022-08-01
612,2022-06-18,103.27,2022-06-21
613,2023-03-29,83.23,2023-03-30
614,2024-01-05,61.22,2024-01-10
615,2023-06-07,98.0,2023-06-11
616,2023-04-10,64.02,2023-04-12
617,2023-04-13,11.64,2023-04-18
618,2023-04-19,97.8,2023-04-25
619,2024-01-11,50.53,2024-01-12
620,2024-04-16,90.77,2024-04-17
621,2023-08-16,10.21,2023-08-17
622,2022-12-19,12.33,2022-12-25
623,2022-03-03,118.41,2022-03-04
624,2023-04-29,38.02,2023-04-30
625,2022-07-04,20.57,2022-07-11
626,2023-10-19,79.28,2023-10-25
627,2023-03-07,119.18,2023-03-10
628,2023-01-27,105.01,2023-01-31
629,2023-01-22,14.23,2023-01-26
630,2023-11-09,67.02,2023-11-16
631,2023-11-01,44.99,2023-11-08
632,2022-07-02,50.2,2022-07-07
633,2022-05-11,117.55,2022-05-17
634,2024-05-04,91.96,2024-05-05
635,2022-11-02,82.45,2022-11-06
636,2023-07-12,66.17,2023-07-16
637,2024-04-23,33.46,2024-04-25
638,2022-12-21,36.7,2022-12-23
639,2024-06-15,93.03,2024-06-21
640,2022-02-02,80.92,2022-02-09
641,2023-09-22,112.67,2023-09-29
642,2022-01-17,28.7,2022-01-19
643,2022-04-14,8.86,2022-04-19
644,2023-09-05,85.88,2023-09-11
645,2022-02-19,90.16,2022-02-21
646,2023-02-16,31.95,2023-02-20
647,2022-08-11,104.33,2022-08-18
648,2022-02-27,62.95,2022-03-01
649,2022-10-24,98.82,2022-10-26
650,2024-01-20,41.67,2024-01-25
651,2023-09-05,82.34,2023-09-12
652,2022-11-25,39.7,2022-11-27
653,2022-05-27,64.94,2022-06-02
654,2023-02-28,36.64,2023-03-03
655,2023-07-25,106.17,2023-07-30
656,2022-06-29,83.06,2022-07-05
657,2023-07-24,10.39,2023-07-28
658,2022-12-19,82.2,2022-12-25
659,2024-03-15,41.65,2024-03-20
660,2023-03-03,22.16,2023-03-07
661,2023-01-21,91.76,2023-01-23
662,2023-04-30,102.67,2023-05-02
663,2022-11-04,86.37,2022-11-11
664,2024-04-05,110.2,2024-04-09
665,2023-07-30,116.3,2023-08-03
666,2023-07-25,20.42,2023-07-30
667,2022-09-06,28.38,2022-09-09
668,2023-10-25,111.06,2023-10-26
669,2024-05-17,15.63,2024-05-20
670,2024-01-12,26.91,2024-01-19
671,2022-10-02,82.47,2022-10-06
672,2023-09-10,105.47,2023-09-11
673,2022-07-12,92.6,2022-07-19
674,2024-01-12,69.27,2024-01-18
675,2023-05-06,104.99,2023-05-08
676,2022-12-07,115.06,2022-12-10
677,2022-01-16,112.77,2022-01-18
678,2024-01-30,90.89,2024-01-31
679,2024-02-12,110.16,2024-02-16
680,2023-12-14,85.93,2023-12-19
681,2023-02-11,68.49,2023-02-13
682,2024-03-05,48.78,2024-03-08
683,2023-07-01,46.31,2023-07-07
684,2022-09-25,63.97,2022-09-28
685,2023-05-25,16.34,2023-05-29
686,2024-01-10,92.59,2024-01-14
687,2022-11-24,47.63,2022-11-26
688,2023-02-28,69.69,2023-03-01
689,2022-08-15,21.78,2022-08-21
690,2022-09-25,112.5,2022-09-30
691,2023-08-17,53.02,2023-08-23
692,2022-06-06,42.93,2022-06-08
693,2023-01-24,100.84,2023-01-29
694,2023-05-27,80.28,2023-06-01
695,2023-12-03,34.59,2023-12-06
696,2024-04-21,116.15,2024-04-25
697,2023-10-20,61.42,2023-10-26
698,2022-06-22,96.42,2022-06-28
699,2022-06-23,87.84,2022-06-25
700,2023-05-16,110.44,2023-05-18
701,2023-07-10,115.08,2023-07-16
702,2023-06-21,101.49,2023-06-22
703,2022-03-18,81.84,2022-03-25
704,2024-02-22,52.43,2024-02-23
705,2024-05-12,31.61,2024-05-18
706,2023-12-26,6.05,2023-12-28
707,2023-06-02,47.92,2023-06-06
708,2023-09-25,81.68,2023-10-01
709,2023-09-24,80.82,2023-09-28
710,2022-01-17,66.2,2022-01-18
711,2023-02-26,6.92,2023-02-27
712,2024-01-10,66.61,2024-01-13
713,2022-10-21,62.75,2022-10-22
714,2023-12-16,54.52,2023-12-22
715,2022-07-03,110.58,2022-07-04
716,2023-06-21,32.71,2023-06-23
717,2023-09-27,34.03,2023-10-02
718,2022-12-29,96.42,2023-01-01
719,2022-03-22,115.32,2022-03-25
720,2023-04-16,32.97,2023-04-21
721,2023-12-15,39.5,2023-12-17
722,2024-04-27,14.27,2024-05-04
723,2024-05-28,92.35,2024-06-03
724,2022-04-06,48.62,2022-04-10
725,2023-07-20,11.45,2023-07-24
726,2022-01-10,24.71,2022-01-16
727,2023-05-27,54.9,2023-06-03
728,2024-03-14,70.07,2024-03-17
729,2024-05-28,107.9,2024-05-29
730,2022-02-13,29.31,2022-02-15
731,2024-06-07,107.07,2024-06-13
732,2023-05-02,10.35,2023-05-05
733,2022-03-18,111.44,2022-03-24
734,2023-07-11,80.68,2023-07-16
735,2022-07-03,41.17,2022-07-10
736,2022-08-01,21.58,2022-08-06
737,2024-04-20,99.4,2024-04-26
738,2022-03-20,23.68,2022-03-23
739,2022-09-04,100.98,2022-09-09
740,2023-02-03,108.1,2023-02-09
741,2022-12-06,91.9,2022-12-10
742,2022-05-24,118.67,2022-05-31
743,2024-01-12,62.59,2024-01-13
744,2022-12-21,16.23,2022-12-22
745,2022-08-26,13.74,2022-09-02
746,2023-09-12,75.59,2023-09-19
747,2023-09-02,116.43,2023-09-06
748,2022-12-01,77.92,2022-12-02
749,2024-03-13,61.42,2024-03-17
750,2022-12-31,113.23,2023-01-05
751,2023-03-19,83.16,2023-03-21
752,2023-11-08,14.85,2023-11-12
753,2023-09-26,96.78,2023-09-29
754,2024-01-01,14.43,2024-01-02
755,2022-06-07,86.84,2022-06-11
756,2023-10-12,90.06,2023-10-14
757,2022-11-21,17.25,2022-11-24
758,2022-01-06,56.14,2022-01-09
759,2024-02-19,16.76,2024-02-22
760,2022-03-31,54.56,2022-04-02
761,2023-07-25,63.93,2023-07-30
762,2022-04-16,15.31,2022-04-17
763,2023-07-22,73.65,2023-07-23
764,2024-03-14,104.33,2024-03-17
765,2022-01-13,52.59,2022-01-16
766,2024-03-08,88.36,2024-03-09
767,2023-07-27,70.78,2023-07-29
768,2022-06-23,48.78,2022-06-29
769,2022-05-23,39.63,2022-05-26
770,2023-05-20,12.28,2023-05-22
771,2023-03-22,53.43,2023-03-25
772,2023-05-11,13.85,2023-05-18
773,2022-09-15,87.9,2022-09-17
774,2023-05-23,75.92,2023-05-28
775,2023-04-14,20.58,2023-04-15
776,2022-01-07,43.2,2022-01-11
777,2023-09-28,97.47,2023-10-02
778,2022-12-04,43.49,2022-12-08
779,2024-04-15,103.84,2024-04-22
780,2023-09-01,39.55,2023-09-03
781,2023-09-10,28.1,2023-09-16
782,2022-11-18,115.93,2022-11-20
783,2022-11-23,89.51,2022-11-26
784,2023-10-11,116.29,2023-10-15
785,2024-03-11,42.48,2024-03-13
786,2022-10-15,95.37,2022-10-22
787,2023-01-09,112.19,2023-01-10
788,2022-07-24,119.69,2022-07-29
789,2022-07-04,93.28,2022-07-10
790,2022-01-28,58.09,2022-02-03
791,2023-12-27,55.42,2023-12-29
792,2022-10-26,84.68,2022-11-02
793,2024-04-18,96.5,2024-04-25
794,2023-02-23,62.42,2023-03-01
795,2023-10-11,32.83,2023-10-14
796,2023-11-06,87.25,2023-11-08
797,2024-03-19,13.51,2024-03-23
798,2023-09-05,71.96,2023-09-09
799,2023-07-02,111.2,2023-07-07
800,2024-06-09,53.1,2024-06-15
801,2022-02-07,116.37,2022-02-14
802,2023-12-20,66.74,2023-12-27
803,2023-10-16,17.58,2023-10-17
804,2022-09-12,81.44,2022-09-18
805,2022-06-20,75.46,2022-06-26
806,2023-07-31,82.91,2023-08-06
807,2023-02-14,43.13,2023-02-21
808,2024-03-26,17.18,2024-03-30
809,2022-04-11,30.53,2022-04-14
810,2024-02-04,69.17,2024-02-09
811,2023-12-06,30.42,2023-12-11
812,2023-01-19,58.25,2023-01-23
813,2023-11-27,84.4,2023-12-02
814,2022-06-04,119.74,2022-06-07
815,2023-05-10,38.97,2023-05-11
816,2022-03-29,100.6,2022-03-30
817,2024-01-18,45.06,2024-01-20
818,2022-12-18,95.19,2022-12-22
819,2023-06-18,45.05,2023-06-22
820,2022-04-10,88.03,2022-04-14
821,2023-04-09,12.73,2023-04-12
822,2022-02-15,86.74,2022-02-22
823,2022-01-24,44.45,2022-01-31
824,2022-04-22,97.01,2022-04-28
825,2024-01-29,64.34,2024-01-31
826,2023-07-20,43.06,2023-07-22
827,2023-03-13,31.66,2023-03-17
828,2023-02-19,26.21,2023-02-25
829,2023-10-18,54.7,2023-10-24
830,2022-01-30,75.62,2022-02-05
831,2022-07-22,73.1,2022-07-26
832,2023-02-03,86.04,2023-02-04
833,2022-07-30,91.52,2022-08-02
834,2024-04-08,12.19,2024-04-15
835,2022-04-15,105.28,2022-04-22
836,2022-07-11,42.49,2022-07-14
837,2023-04-14,35.17,2023-04-15
838,2024-06-02,65.69,2024-06-06
839,2023-10-17,73.65,2023-10-20
840,2023-09-18,72.51,2023-09-22
841,2022-12-23,102.23,2022-12-26
842,2023-09-25,98.58,2023-09-27
843,2023-12-24,39.21,2023-12-31
844,2023-09-22,14.75,2023-09-27
845,2022-05-18,18.55,2022-05-21
846,2022-11-09,26.05,2022-11-10
847,2023-12-12,63.74,2023-12-14
848,2023-03-05,20.85,2023-03-10
849,2023-01-28,26.36,2023-02-01
850,2023-10-13,84.74,2023-10-18
851,2023-10-23,68.81,2023-10-25
852,2023-05-17,21.13,2023-05-20
853,2022-11-19,56.87,2022-11-26
854,2022-02-24,46.29,2022-03-03
855,2022-01-10,20.7,2022-01-14
856,2024-04-14,115.84,2024-04-18
857,2023-06-02,61.92,2023-06-08
858,2023-12-03,52.8,2023-12-07
859,2024-05-10,61.2,2024-05-14
860,2022-03-26,8.55,2022-03-31
861,2024-02-19,38.59,2024-02-21
862,2022-10-09,66.82,2022-10-11
863,2022-06-22,57.59,2022-06-29
864,2024-01-31,93.08,2024-02-07
865,2023-07-17,18.02,2023-07-22
866,2022-04-27,94.14,2022-04-30
867,2024-04-23,67.33,2024-04-26
868,2024-02-14,92.4,2024-02-15
869,2023-03-28,30.13,2023-04-02
870,2023-03-12,89.64,2023-03-13
871,2023-11-01,33.47,2023-11-08
872,2024-06-14,56.72,2024-06-15
873,2022-12-23,98.92,2022-12-30
874,2023-03-26,119.31,2023-04-02
875,2024-03-05,32.25,2024-03-12
876,2024-04-10,72.61,2024-04-16
877,2022-12-26,86.74,2023-01-02
878,2023-10-10,24.09,2023-10-14
879,2022-05-23,28.76,2022-05-30
880,2022-07-31,11.83,2022-08-07
881,2022-12-26,37.32,2022-12-31
882,2023-07-06,42.22,2023-07-08
883,2023-12-22,38.27,2023-12-25
884,2022-10-01,64.16,2022-10-08
885,2023-11-27,15.95,2023-12-04
886,2024-02-08,52.33,2024-02-15
887,2022-03-02,104.71,2022-03-05
888,2022-05-10,104.6,2022-05-16
889,2022-09-13,86.81,2022-09-15
890,2024-04-28,92.57,2024-04-30
891,2023-11-24,61.29,2023-11-28
892,2023-08-15,35.9,2023-08-21
893,2023-03-01,56.98,2023-03-05
894,2023-10-11,106.21,2023-10-18
895,2022-04-06,64.3,2022-04-10
896,2022-10-12,112.68,2022-10-18
897,2023-01-13,114.28,2023-01-17
898,2022-12-02,5.28,2022-12-07
899,2024-03-03,89.26,2024-03-10
900,2024-01-19,78.01,2024-01-23
901,2023-12-16,102.76,2023-12-19
902,2024-03-25,50.74,2024-03-30
903,2023-03-16,29.36,2023-03-23
904,2022-10-02,100.26,2022-10-05
905,2022-12-12,71.46,2022-12-17
906,2023-08-03,60.81,2023-08-10
907,2022-12-18,92.66,2022-12-24
908,2022-02-17,77.01,2022-02-18
909,2024-05-06,6.87,2024-05-10
910,2024-05-28,55.75,2024-05-30
911,2022-01-01,28.27,2022-01-05
912,2023-12-07,106.45,2023-12-09
913,2022-11-06,105.56,2022-11-08
914,2024-06-16,15.73,2024-06-19
915,2023-01-05,14.48,2023-01-08
916,2023-11-12,24.04,2023-11-18
917,2023-02-10,40.13,2023-02-16
918,2023-12-18,31.93,2023-12-25
919,2023-11-03,85.93,2023-11-04
920,2022-01-02,59.83,2022-01-04
921,2022-05-16,31.01,2022-05-21
922,2023-11-28,6.07,2023-12-02
923,2023-12-14,98.97,2023-12-17
924,2024-05-30,84.81,2024-06-03
925,2023-05-05,31.33,2023-05-06
926,2022-04-02,97.69,2022-04-08
927,2022-04-16,47.27,2022-04-19
928,2022-11-03,49.01,2022-11-05
929,2024-04-12,105.57,2024-04-19
930,2023-10-19,21.43,2023-10-25
931,2023-06-28,5.97,2023-07-03
932,2023-10-28,55.61,2023-10-30
933,2024-01-10,77.23,2024-01-12
934,2022-06-05,75.85,2022-06-09
935,2023-03-30,29.98,2023-04-06
936,2022-04-13,91.53,2022-04-15
937,2023-08-27,49.16,2023-09-02
938,2023-03-16,95.97,2023-03-19
939,2022-09-11,79.13,2022-09-14
940,2022-09-12,74.11,2022-09-17
941,2024-01-09,37.77,2024-01-14
942,2023-12-09,102.51,2023-12-10
943,2023-11-06,28.63,2023-11-09
944,2023-09-14,26.69,2023-09-19
945,2023-02-06,79.31,2023-02-09
946,2024-03-13,114.79,2024-03-20
947,2023-05-22,17.97,2023-05-26
948,2023-05-27,73.3,2023-06-02
949,2023-06-25,118.49,2023-06-26
950,2022-11-21,49.49,2022-11-23
951,2024-05-09,53.4,2024-05-14
952,2023-07-14,24.87,2023-07-20
953,2023-04-28,13.39,2023-05-05
954,2023-08-25,6.59,2023-08-26
955,2022-08-09,111.1,2022-08-10
956,2024-03-19,63.26,2024-03-23
957,2023-10-06,62.62,2023-10-12
958,2023-03-02,85.71,2023-03-06
959,2022-03-26,66.7,2022-04-01
960,2023-09-23,36.91,2023-09-25
961,2022-11-14,63.8,2022-11-15
962,2022-07-28,22.87,2022-08-04
963,2022-12-01,72.44,2022-12-05
964,2024-02-21,79.73,2024-02-28
965,2023-10-21,40.67,2023-10-22
966,2023-03-24,114.64,2023-03-30
967,2022-09-02,33.12,2022-09-03
968,2023-03-21,57.14,2023-03-22
969,2023-09-16,40.57,2023-09-17
970,2024-01-30,90.18,2024-02-05
971,2022-05-03,86.41,2022-05-04
972,2023-12-20,23.84,2023-12-21
973,2022-12-22,64.48,2022-12-27
974,2024-04-22,34.81,2024-04-28
975,2023-01-16,91.22,2023-01-18
976,2024-06-13,89.29,2024-06-16
977,2022-05-01,108.49,2022-05-08
978,2022-12-10,54.37,2022-12-17
979,2023-06-21,35.24,2023-06-22
980,2023-08-14,13.86,2023-08-20
981,2023-04-12,46.41,2023-04-17
982,2023-05-27,70.19,2023-06-03
983,2023-01-12,34.34,2023-01-14
984,2022-04-16,82.52,2022-04-21
985,2022-04-29,90.19,2022-05-01
986,2022-01-03,103.75,2022-01-04
987,2022-01-13,10.29,2022-01-15
988,2023-01-08,110.83,2023-01-12
989,2022-07-03,9.07,2022-07-10
990,2024-04-02,90.18,2024-04-08
991,2023-03-06,42.01,2023-03-08
992,2023-03-03,41.79,2023-03-09
993,2024-04-25,70.73,2024-04-26
994,2022-05-03,82.43,2022-05-08
995,2022-02-23,30.67,2022-02-25
996,2023-06-13,114.72,2023-06-14
997,2022-03-12,104.59,2022-03-16
998,2024-03-03,40.73,2024-03-10
999,2022-03-30,57.53,2022-04-04
1000,2023-01-13,38.53,2023-01-15
